"","player_name","trade_status","pitcher","n_pitches","count_CU","count_FC","count_FF","count_SL","count_ST","count_SI","count_FS","count_CH","pct_count_CU","pct_count_FC","pct_count_FF","pct_count_SL","pct_count_ST","pct_count_SI","pct_count_FS","pct_count_CH"
"1","Adam, Jason","post_trade",592094,403,0,0,128,105,58,0,0,112,0,0,0.317617866004963,0.260545905707196,0.143920595533499,0,0,0.277915632754342
"2","Adam, Jason","pre_trade",592094,706,0,16,283,108,121,4,0,174,0,0.0226628895184136,0.400849858356941,0.152974504249292,0.171388101983003,0.0056657223796034,0,0.246458923512748
"3","Anderson, Tyler","post_trade",542881,1022,2,236,383,9,0,131,0,261,0.00195694716242661,0.23091976516634,0.374755381604697,0.00880626223091976,0,0.128180039138943,0,0.255381604696673
"4","Anderson, Tyler","pre_trade",542881,1580,14,445,587,15,0,138,0,380,0.00886075949367089,0.281645569620253,0.371518987341772,0.00949367088607595,0,0.0873417721518987,0,0.240506329113924
"5","Armstrong, Shawn","post_trade",542888,583,0,171,259,0,41,68,0,0,0,0.293310463121784,0.444253859348199,0,0.0703259005145798,0.11663807890223,0,0
"6","Armstrong, Shawn","pre_trade",542888,1211,0,400,487,0,22,233,0,0,0,0.330305532617671,0.402146985962015,0,0.0181668042939719,0.192402972749794,0,0
"7","Banks, Tanner","post_trade",621383,392,55,0,132,130,0,47,0,28,0.14030612244898,0,0.336734693877551,0.331632653061224,0,0.119897959183673,0,0.0714285714285714
"8","Banks, Tanner","pre_trade",621383,782,120,0,231,256,0,52,0,123,0.153452685421995,0,0.29539641943734,0.327365728900256,0,0.0664961636828645,0,0.157289002557545
"9","Barlow, Scott","post_trade",605130,494,196,0,89,9,133,67,0,0,0.396761133603239,0,0.180161943319838,0.0182186234817814,0.269230769230769,0.135627530364372,0,0
"10","Barlow, Scott","pre_trade",605130,703,206,0,167,302,0,28,0,0,0.29302987197724,0,0.237553342816501,0.429587482219061,0,0.0398293029871977,0,0
"11","Bass, Anthony","post_trade",542914,366,0,0,33,197,0,121,15,0,0,0,0.0901639344262295,0.538251366120219,0,0.330601092896175,0.040983606557377,0
"12","Bass, Anthony","pre_trade",542914,620,0,0,64,353,0,179,24,0,0,0,0.103225806451613,0.569354838709677,0,0.288709677419355,0.0387096774193548,0
"13","Baumann, Mike","post_trade",657508,458,0,0,195,128,0,0,0,0,0,0,0.425764192139738,0.279475982532751,0,0,0,0
"14","Baumann, Mike","pre_trade",657508,609,0,0,238,127,0,2,0,19,0,0,0.390804597701149,0.208538587848933,0,0.00328407224958949,0,0.0311986863711002
"15","Bazardo, Eduard","post_trade",660825,208,0,0,62,92,0,33,21,0,0,0,0.298076923076923,0.442307692307692,0,0.158653846153846,0.100961538461538,0
"16","Bazardo, Eduard","pre_trade",660825,62,0,0,5,30,0,26,1,0,0,0,0.0806451612903226,0.483870967741935,0,0.419354838709677,0.0161290322580645,0
"17","Bañuelos, Manny","post_trade",544365,582,202,0,114,97,0,115,0,54,0.347079037800687,0,0.195876288659794,0.166666666666667,0,0.197594501718213,0,0.0927835051546392
"18","Bañuelos, Manny","pre_trade",544365,136,33,0,22,17,0,46,0,18,0.242647058823529,0,0.161764705882353,0.125,0,0.338235294117647,0,0.132352941176471
"19","Beasley, Jeremy","pre_trade",676886,271,0,0,166,76,0,0,29,0,0,0,0.612546125461255,0.280442804428044,0,0,0.107011070110701,0
"20","Beeks, Jalen","post_trade",656222,359,1,76,191,0,0,0,0,91,0.00278551532033426,0.211699164345404,0.532033426183844,0,0,0,0,0.253481894150418
"21","Beeks, Jalen","pre_trade",656222,827,11,135,467,0,0,1,0,213,0.0133010882708585,0.163240628778718,0.564691656590085,0,0,0.00120918984280532,0,0.257557436517533
"22","Bickford, Phil","post_trade",641360,448,0,0,340,83,0,0,0,25,0,0,0.758928571428571,0.185267857142857,0,0,0,0.0558035714285714
"23","Bickford, Phil","pre_trade",641360,781,0,0,532,248,0,1,0,0,0,0,0.681177976952625,0.317541613316261,0,0.00128040973111396,0,0
"24","Blackburn, Paul","post_trade",621112,408,35,110,57,60,0,78,0,68,0.0857843137254902,0.269607843137255,0.139705882352941,0.147058823529412,0,0.191176470588235,0,0.166666666666667
"25","Blackburn, Paul","pre_trade",621112,804,88,157,179,142,0,87,0,151,0.109452736318408,0.195273631840796,0.222636815920398,0.176616915422886,0,0.108208955223881,0,0.187810945273632
"26","Bloss, Jake","pre_trade",814005,238,31,0,104,55,25,4,0,19,0.130252100840336,0,0.436974789915966,0.23109243697479,0.105042016806723,0.0168067226890756,0,0.0798319327731092
"27","Bruihl, Justin","post_trade",677865,77,0,23,0,0,21,33,0,0,0,0.298701298701299,0,0,0.272727272727273,0.428571428571429,0,0
"28","Bruihl, Justin","pre_trade",677865,361,0,139,0,0,116,106,0,0,0,0.385041551246537,0,0,0.321329639889197,0.293628808864266,0,0
"29","Bush, Matt","post_trade",456713,369,143,39,186,0,0,1,0,0,0.387533875338753,0.105691056910569,0.504065040650406,0,0,0.002710027100271,0,0
"30","Bush, Matt","pre_trade",456713,540,177,108,254,0,0,1,0,0,0.327777777777778,0.2,0.47037037037037,0,0,0.00185185185185185,0,0
"31","Cabrera, Génesis","post_trade",650893,365,42,93,144,0,0,84,0,2,0.115068493150685,0.254794520547945,0.394520547945205,0,0,0.23013698630137,0,0.00547945205479452
"32","Cabrera, Génesis","pre_trade",650893,581,84,211,194,0,0,55,0,37,0.144578313253012,0.363166953528399,0.333907056798623,0,0,0.0946643717728055,0,0.0636833046471601
"33","Cano, Yennier","post_trade",666974,112,0,0,14,19,0,39,0,40,0,0,0.125,0.169642857142857,0,0.348214285714286,0,0.357142857142857
"34","Cano, Yennier","pre_trade",666974,282,0,0,33,88,0,82,0,79,0,0,0.117021276595745,0.312056737588652,0,0.290780141843972,0,0.280141843971631
"35","Castillo, Diego","post_trade",650895,358,0,0,11,215,0,132,0,0,0,0,0.0307262569832402,0.600558659217877,0,0.368715083798883,0,0
"36","Castillo, Diego","pre_trade",650895,578,0,0,26,407,0,145,0,0,0,0,0.0449826989619377,0.704152249134948,0,0.250865051903114,0,0
"37","Castillo, Luis","post_trade",622491,1075,0,0,368,229,0,289,0,189,0,0,0.342325581395349,0.213023255813953,0,0.268837209302326,0,0.175813953488372
"38","Castillo, Luis","pre_trade",622491,1431,0,0,456,299,0,307,0,369,0,0,0.318658280922432,0.208944793850454,0,0.214535290006988,0,0.257861635220126
"39","Castillo, Max","post_trade",666721,363,0,0,165,93,0,0,0,105,0,0,0.454545454545455,0.256198347107438,0,0,0,0.289256198347107
"40","Castillo, Max","pre_trade",666721,334,0,0,169,38,0,1,0,126,0,0,0.505988023952096,0.11377245508982,0,0.0029940119760479,0,0.377245508982036
"41","Cessa, Luis","post_trade",570666,362,0,0,82,184,0,33,0,63,0,0,0.226519337016575,0.50828729281768,0,0.0911602209944751,0,0.174033149171271
"42","Cessa, Luis","pre_trade",570666,587,0,0,118,354,0,64,0,51,0,0,0.201022146507666,0.603066439522998,0,0.109028960817717,0,0.0868824531516184
"43","Chafin, Andrew","post_trade",605177,1037,0,0,281,329,0,427,0,0,0,0,0.270973963355834,0.317261330761813,0,0.411764705882353,0,0
"44","Chafin, Andrew","pre_trade",605177,1798,0,0,335,687,0,767,0,9,0,0,0.186318131256952,0.382091212458287,0,0.426585094549499,0,0.0050055617352614
"45","Chavez, Jesse","post_trade",445926,479,11,278,4,0,0,135,0,50,0.022964509394572,0.580375782881002,0.00835073068893528,0,0,0.281837160751566,0,0.104384133611691
"46","Chavez, Jesse","pre_trade",445926,723,9,426,2,0,0,181,0,105,0.012448132780083,0.589211618257261,0.00276625172890733,0,0,0.250345781466113,0,0.145228215767635
"47","Civale, Aaron","post_trade",650644,826,186,290,104,62,2,170,12,0,0.225181598062954,0.351089588377724,0.12590799031477,0.0750605326876513,0.00242130750605327,0.205811138014528,0.0145278450363196,0
"48","Civale, Aaron","pre_trade",650644,1183,304,457,144,54,0,201,22,0,0.256973795435334,0.386306001690617,0.121724429416737,0.0456466610312764,0,0.169907016060862,0.0185967878275571,0
"49","Cleavinger, Garrett","post_trade",664076,248,11,0,99,100,0,38,0,0,0.0443548387096774,0,0.399193548387097,0.403225806451613,0,0.153225806451613,0,0
"50","Cleavinger, Garrett","pre_trade",664076,99,4,0,31,44,0,20,0,0,0.0404040404040404,0,0.313131313131313,0.444444444444444,0,0.202020202020202,0,0
"51","Curtiss, John","post_trade",595928,102,0,0,56,46,0,0,0,0,0,0,0.549019607843137,0.450980392156863,0,0,0,0
"52","Curtiss, John","pre_trade",595928,601,0,0,297,304,0,0,0,0,0,0,0.494176372712146,0.505823627287854,0,0,0,0
"53","Davidson, Tucker","post_trade",656353,927,35,0,353,351,55,32,62,39,0.0377562028047465,0,0.380798274002157,0.378640776699029,0.0593311758360302,0.0345199568500539,0.0668824163969795,0.0420711974110032
"54","Davidson, Tucker","pre_trade",656353,832,38,0,322,425,39,0,6,2,0.0456730769230769,0,0.387019230769231,0.510817307692308,0.046875,0,0.00721153846153846,0.00240384615384615
"55","Davis, Austin","post_trade",656354,306,5,0,138,113,0,4,0,46,0.0163398692810458,0,0.450980392156863,0.369281045751634,0,0.0130718954248366,0,0.150326797385621
"56","Davis, Austin","pre_trade",656354,167,0,0,104,62,0,0,0,1,0,0,0.622754491017964,0.37125748502994,0,0,0,0.00598802395209581
"57","De Los Santos, Enyel","post_trade",660853,412,0,0,217,153,0,0,0,42,0,0,0.526699029126214,0.371359223300971,0,0,0,0.101941747572816
"58","De Los Santos, Enyel","pre_trade",660853,715,0,0,339,331,0,1,0,44,0,0,0.474125874125874,0.462937062937063,0,0.0013986013986014,0,0.0615384615384615
"59","Diehl, Phillip","pre_trade",670426,120,0,0,62,56,0,0,0,2,0,0,0.516666666666667,0.466666666666667,0,0,0,0.0166666666666667
"60","Diekman, Jake","post_trade",518617,388,0,0,159,0,103,114,0,12,0,0,0.40979381443299,0,0.265463917525773,0.293814432989691,0,0.0309278350515464
"61","Diekman, Jake","pre_trade",518617,784,0,0,327,0,308,147,0,2,0,0,0.417091836734694,0,0.392857142857143,0.1875,0,0.00255102040816327
"62","Domínguez, Seranthony","post_trade",622554,411,0,0,171,66,98,65,0,11,0,0,0.416058394160584,0.160583941605839,0.238442822384428,0.158150851581509,0,0.0267639902676399
"63","Domínguez, Seranthony","pre_trade",622554,653,0,0,263,166,94,124,0,6,0,0,0.402756508422665,0.254211332312404,0.143950995405819,0.18989280245023,0,0.00918836140888208
"64","Duffy, Danny","pre_trade",518633,1009,109,0,432,184,0,129,0,155,0.10802775024777,0,0.42814667988107,0.182358771060456,0,0.12784935579782,0,0.153617443012884
"65","Effross, Scott","post_trade",664123,193,0,0,30,0,79,55,0,29,0,0,0.155440414507772,0,0.409326424870466,0.284974093264249,0,0.150259067357513
"66","Effross, Scott","pre_trade",664123,622,0,0,52,1,248,231,0,90,0,0,0.0836012861736334,0.00160771704180064,0.39871382636656,0.371382636655949,0,0.144694533762058
"67","Eflin, Zach","post_trade",621107,832,148,269,57,1,72,190,0,95,0.177884615384615,0.323317307692308,0.0685096153846154,0.00120192307692308,0.0865384615384615,0.228365384615385,0,0.114182692307692
"68","Eflin, Zach","pre_trade",621107,1615,313,422,148,4,159,516,0,53,0.193808049535604,0.261300309597523,0.091640866873065,0.00247678018575851,0.0984520123839009,0.319504643962848,0,0.0328173374613003
"69","Erceg, Lucas","post_trade",668674,382,0,0,119,125,0,68,0,70,0,0,0.31151832460733,0.327225130890052,0,0.178010471204188,0,0.183246073298429
"70","Erceg, Lucas","pre_trade",668674,565,0,0,173,139,0,135,0,118,0,0,0.306194690265487,0.246017699115044,0,0.238938053097345,0,0.208849557522124
"71","Estévez, Carlos","post_trade",608032,343,0,0,204,104,0,0,0,35,0,0,0.594752186588921,0.303206997084548,0,0,0,0.102040816326531
"72","Estévez, Carlos","pre_trade",608032,478,3,0,298,127,0,0,0,50,0.00627615062761506,0,0.623430962343096,0.265690376569038,0,0,0,0.104602510460251
"73","Falter, Bailey","post_trade",663559,635,134,0,232,176,0,62,31,0,0.211023622047244,0,0.365354330708661,0.277165354330709,0,0.0976377952755905,0.0488188976377953,0
"74","Falter, Bailey","pre_trade",663559,661,158,0,351,69,0,24,0,59,0.239031770045386,0,0.531013615733737,0.104387291981846,0,0.0363086232980333,0,0.0892586989409985
"75","Ferguson, Caleb","post_trade",657571,349,0,86,95,0,0,60,0,0,0,0.246418338108883,0.272206303724928,0,0,0.171919770773639,0,0
"76","Ferguson, Caleb","pre_trade",657571,591,0,163,313,0,2,31,0,0,0,0.27580372250423,0.529610829103215,0,0.00338409475465313,0.0524534686971235,0,0
"77","Flaherty, Jack","post_trade",656427,1643,0,30,736,410,0,27,0,44,0,0.0182592818015825,0.44796104686549,0.24954351795496,0,0.0164333536214242,0,0.0267802799756543
"78","Flaherty, Jack","pre_trade",656427,3560,0,189,1485,1002,0,97,0,110,0,0.0530898876404494,0.417134831460674,0.281460674157303,0,0.027247191011236,0,0.0308988764044944
"79","Flexen, Chris","post_trade",623167,1027,38,290,443,70,0,37,0,149,0.0370009737098345,0.282375851996105,0.431353456669912,0.068159688412853,0,0.0360272638753651,0,0.14508276533593
"80","Flexen, Chris","pre_trade",623167,728,1,224,268,48,52,3,0,132,0.00137362637362637,0.307692307692308,0.368131868131868,0.0659340659340659,0.0714285714285714,0.00412087912087912,0,0.181318681318681
"81","Floro, Dylan","post_trade",571670,573,0,0,164,112,0,214,0,83,0,0,0.286212914485166,0.195462478184991,0,0.37347294938918,0,0.144851657940663
"82","Floro, Dylan","pre_trade",571670,1406,0,0,294,375,0,609,0,128,0,0,0.209103840682788,0.266714082503556,0,0.433143669985775,0,0.0910384068278805
"83","Fujinami, Shintaro","post_trade",660261,508,0,77,292,0,39,1,99,0,0,0.151574803149606,0.574803149606299,0,0.0767716535433071,0.00196850393700787,0.19488188976378,0
"84","Fujinami, Shintaro","pre_trade",660261,896,1,150,501,17,47,1,179,0,0.00111607142857143,0.167410714285714,0.559151785714286,0.0189732142857143,0.0524553571428571,0.00111607142857143,0.199776785714286,0
"85","Fulmer, Michael","post_trade",605242,406,2,249,78,0,0,45,0,32,0.00492610837438424,0.613300492610837,0.192118226600985,0,0,0.110837438423645,0,0.0788177339901478
"86","Fulmer, Michael","pre_trade",605242,637,20,411,82,0,0,93,0,31,0.0313971742543171,0.645211930926217,0.1287284144427,0,0,0.145996860282575,0,0.0486656200941915
"87","Gant, John","post_trade",607231,581,7,149,81,22,0,183,0,139,0.0120481927710843,0.256454388984509,0.139414802065404,0.0378657487091222,0,0.314974182444062,0,0.239242685025818
"88","Gant, John","pre_trade",607231,1394,103,240,172,38,0,536,0,305,0.0738880918220947,0.172166427546628,0.12338593974175,0.0272596843615495,0,0.384505021520803,0,0.218794835007174
"89","García, Luis","post_trade",472610,202,0,2,8,36,9,109,38,0,0,0.0099009900990099,0.0396039603960396,0.178217821782178,0.0445544554455446,0.53960396039604,0.188118811881188,0
"90","García, Luis","pre_trade",472610,696,0,13,44,75,70,364,129,0,0,0.0186781609195402,0.0632183908045977,0.107758620689655,0.100574712643678,0.522988505747126,0.185344827586207,0
"91","García, Yimi","post_trade",554340,159,26,0,77,11,17,10,0,18,0.163522012578616,0,0.484276729559748,0.0691823899371069,0.106918238993711,0.0628930817610063,0,0.113207547169811
"92","García, Yimi","pre_trade",554340,460,95,0,154,18,64,88,0,41,0.206521739130435,0,0.334782608695652,0.0391304347826087,0.139130434782609,0.191304347826087,0,0.0891304347826087
"93","Gibson, Kyle","post_trade",502043,1121,92,214,148,155,9,365,0,138,0.0820695807314897,0.190900981266726,0.132024977698484,0.138269402319358,0.008028545941124,0.325602140945584,0,0.123104371097235
"94","Gibson, Kyle","pre_trade",502043,1760,167,217,215,296,3,615,0,247,0.0948863636363636,0.123295454545455,0.122159090909091,0.168181818181818,0.00170454545454545,0.349431818181818,0,0.140340909090909
"95","Giolito, Lucas","post_trade",608337,1154,16,0,419,292,0,1,0,426,0.0138648180242634,0,0.363084922010399,0.253032928942808,0,0.000866551126516464,0,0.369150779896014
"96","Giolito, Lucas","pre_trade",608337,2036,33,0,917,609,0,1,0,476,0.0162082514734774,0,0.450392927308448,0.299115913555992,0,0.000491159135559921,0,0.233791748526523
"97","Givens, Mychal","post_trade",571710,725,0,0,374,151,0,0,0,200,0,0,0.515862068965517,0.208275862068966,0,0,0,0.275862068965517
"98","Givens, Mychal","pre_trade",571710,1169,0,0,559,290,0,1,0,318,0,0,0.478186484174508,0.248075278015398,0,0.000855431993156544,0,0.272027373823781
"99","Gore, MacKenzie","pre_trade",669022,1258,227,0,766,198,0,0,0,67,0.180445151033386,0,0.608903020667727,0.157392686804452,0,0,0,0.0532591414944356
"100","Gott, Trevor","post_trade",641627,502,44,190,100,0,0,140,0,28,0.0876494023904383,0.378486055776892,0.199203187250996,0,0,0.278884462151394,0,0.0557768924302789
"101","Gott, Trevor","pre_trade",641627,475,25,191,116,0,0,131,0,12,0.0526315789473684,0.402105263157895,0.244210526315789,0,0,0.275789473684211,0,0.0252631578947368
"102","Goudeau, Ashton","post_trade",623485,396,132,0,179,0,0,0,0,84,0.333333333333333,0,0.452020202020202,0,0,0,0,0.212121212121212
"103","Goudeau, Ashton","pre_trade",623485,168,52,0,76,0,0,0,0,40,0.30952380952381,0,0.452380952380952,0,0,0,0,0.238095238095238
"104","Graveman, Kendall","post_trade",608665,774,50,0,171,148,0,353,0,52,0.0645994832041344,0,0.22093023255814,0.191214470284238,0,0.456072351421189,0,0.0671834625322997
"105","Graveman, Kendall","pre_trade",608665,1210,9,0,156,304,0,632,0,109,0.00743801652892562,0,0.128925619834711,0.251239669421488,0,0.522314049586777,0,0.0900826446280992
"106","Gray, Josiah","post_trade",680686,1057,263,0,548,209,0,0,0,37,0.248817407757805,0,0.51844843897824,0.197729422894986,0,0,0,0.0350047303689688
"107","Gray, Josiah","pre_trade",680686,156,44,0,78,31,0,0,0,3,0.282051282051282,0,0.5,0.198717948717949,0,0,0,0.0192307692307692
"108","Griffin, Foster","post_trade",656492,27,5,11,11,0,0,0,0,0,0.185185185185185,0.407407407407407,0.407407407407407,0,0,0,0,0
"109","Griffin, Foster","pre_trade",656492,84,14,38,17,0,0,0,0,15,0.166666666666667,0.452380952380952,0.202380952380952,0,0,0,0,0.178571428571429
"110","Hader, Josh","post_trade",623352,333,0,0,0,74,0,253,0,6,0,0,0,0.222222222222222,0,0.75975975975976,0,0.018018018018018
"111","Hader, Josh","pre_trade",623352,610,0,0,3,193,0,399,0,15,0,0,0.00491803278688525,0.316393442622951,0,0.654098360655738,0,0.0245901639344262
"112","Hamilton, Ian","pre_trade",641656,42,0,0,22,20,0,0,0,0,0,0,0.523809523809524,0.476190476190476,0,0,0,0
"113","Hand, Brad","post_trade",543272,694,0,0,270,0,333,91,0,0,0,0,0.389048991354467,0,0.479827089337176,0.131123919308357,0,0
"114","Hand, Brad","pre_trade",543272,1351,0,0,488,0,608,255,0,0,0,0,0.361213915618061,0,0.450037009622502,0.188749074759437,0,0
"115","Heaney, Andrew","post_trade",571760,556,130,0,327,0,0,0,0,99,0.233812949640288,0,0.588129496402878,0,0,0,0,0.178057553956835
"116","Heaney, Andrew","pre_trade",571760,1697,339,0,1011,40,0,0,0,307,0.199764289923394,0,0.595757218621096,0.0235710076605775,0,0,0,0.180907483794932
"117","Hearn, Taylor","post_trade",621368,175,0,0,73,80,0,11,0,11,0,0,0.417142857142857,0.457142857142857,0,0.0628571428571429,0,0.0628571428571429
"118","Hearn, Taylor","pre_trade",621368,138,0,0,79,45,0,12,0,2,0,0,0.572463768115942,0.326086956521739,0,0.0869565217391304,0,0.0144927536231884
"119","Heuer, Codi","post_trade",676051,397,0,0,242,86,0,1,0,68,0,0,0.609571788413098,0.216624685138539,0,0.00251889168765743,0,0.171284634760705
"120","Heuer, Codi","pre_trade",676051,652,0,0,346,157,0,0,0,149,0,0,0.530674846625767,0.24079754601227,0,0,0,0.228527607361963
"121","Hicks, Jordan","post_trade",663855,355,0,0,43,0,55,257,0,0,0,0,0.12112676056338,0,0.154929577464789,0.723943661971831,0,0
"122","Hicks, Jordan","pre_trade",663855,758,0,0,77,39,166,458,18,0,0,0,0.101583113456464,0.0514511873350923,0.218997361477573,0.604221635883905,0.0237467018469657,0
"123","Hill, Rich","post_trade",448179,1532,525,56,692,55,125,38,0,40,0.342689295039165,0.0365535248041775,0.451697127937337,0.0359007832898172,0.0815926892950392,0.0248041775456919,0,0.0261096605744125
"124","Hill, Rich","pre_trade",448179,3495,1309,385,1372,5,210,102,0,90,0.374535050071531,0.110157367668097,0.392560801144492,0.00143061516452074,0.0600858369098712,0.0291845493562232,0,0.0257510729613734
"125","Hoeing, Bryan","post_trade",663773,305,0,0,5,46,0,151,103,0,0,0,0.0163934426229508,0.150819672131148,0,0.495081967213115,0.337704918032787,0
"126","Hoeing, Bryan","pre_trade",663773,477,0,0,33,133,0,253,58,0,0,0,0.0691823899371069,0.278825995807128,0,0.530398322851153,0.121593291404612,0
"127","Holmes, Clay","post_trade",605280,396,7,0,0,99,0,290,0,0,0.0176767676767677,0,0,0.25,0,0.732323232323232,0,0
"128","Holmes, Clay","pre_trade",605280,728,143,0,1,212,0,372,0,0,0.196428571428571,0,0.00137362637362637,0.291208791208791,0,0.510989010989011,0,0
"129","Howard, Spencer","post_trade",675921,532,63,91,254,30,0,36,0,58,0.118421052631579,0.171052631578947,0.477443609022556,0.056390977443609,0,0.0676691729323308,0,0.109022556390977
"130","Howard, Spencer","pre_trade",675921,1021,52,21,610,180,32,1,0,125,0.0509304603330069,0.0205680705190989,0.59745347698335,0.176297747306562,0.0313418217433888,0.000979431929480901,0,0.122428991185113
"131","Hudson, Daniel","post_trade",543339,325,0,0,199,117,0,2,0,7,0,0,0.612307692307692,0.36,0,0.00615384615384615,0,0.0215384615384615
"132","Hudson, Daniel","pre_trade",543339,540,0,0,391,132,0,0,0,17,0,0,0.724074074074074,0.244444444444444,0,0,0,0.0314814814814815
"133","Hunter, Tommy","pre_trade",488984,109,15,46,3,0,0,45,0,0,0.137614678899083,0.422018348623853,0.0275229357798165,0,0,0.412844036697248,0,0
"134","Iglesias, Raisel","post_trade",628452,411,0,0,145,72,0,70,0,124,0,0,0.352798053527981,0.175182481751825,0,0.170316301703163,0,0.301703163017032
"135","Iglesias, Raisel","pre_trade",628452,568,0,0,212,183,0,62,0,111,0,0,0.373239436619718,0.322183098591549,0,0.109154929577465,0,0.195422535211268
"136","Jackson, Luke","post_trade",592426,341,69,4,108,160,0,0,0,0,0.202346041055718,0.0117302052785924,0.316715542521994,0.469208211143695,0,0,0,0
"137","Jackson, Luke","pre_trade",592426,576,70,5,182,319,0,0,0,0,0.121527777777778,0.00868055555555556,0.315972222222222,0.553819444444444,0,0,0,0
"138","Johnson, DJ","post_trade",597113,38,8,0,22,0,0,0,0,8,0.210526315789474,0,0.578947368421053,0,0,0,0,0.210526315789474
"139","Johnson, DJ","pre_trade",597113,34,12,0,19,0,0,0,0,3,0.352941176470588,0,0.558823529411765,0,0,0,0,0.0882352941176471
"140","Johnson, Pierce","post_trade",572955,342,244,0,84,14,0,0,0,0,0.713450292397661,0,0.245614035087719,0.0409356725146199,0,0,0,0
"141","Johnson, Pierce","pre_trade",572955,742,371,0,298,73,0,0,0,0,0.5,0,0.401617250673854,0.0983827493261455,0,0,0,0
"142","Junis, Jakob","post_trade",596001,580,0,0,73,257,0,208,0,42,0,0,0.125862068965517,0.443103448275862,0,0.358620689655172,0,0.0724137931034483
"143","Junis, Jakob","pre_trade",596001,363,0,2,18,170,0,136,0,37,0,0.00550964187327824,0.0495867768595041,0.46831955922865,0,0.37465564738292,0,0.101928374655647
"144","Kelly, Joe","post_trade",523260,169,0,0,27,59,0,70,0,3,0,0,0.159763313609467,0.349112426035503,0,0.414201183431953,0,0.0177514792899408
"145","Kelly, Joe","pre_trade",523260,543,0,0,80,125,0,154,0,73,0,0,0.147329650092081,0.230202578268877,0,0.283609576427256,0,0.134438305709024
"146","Kennedy, Ian","post_trade",453178,444,0,0,366,23,0,0,3,34,0,0,0.824324324324324,0.0518018018018018,0,0,0.00675675675675676,0.0765765765765766
"147","Kennedy, Ian","pre_trade",453178,455,0,11,376,0,0,0,2,38,0,0.0241758241758242,0.826373626373626,0,0,0,0.0043956043956044,0.0835164835164835
"148","Kikuchi, Yusei","post_trade",579328,968,91,0,405,360,0,0,0,112,0.0940082644628099,0,0.418388429752066,0.371900826446281,0,0,0,0.115702479338843
"149","Kikuchi, Yusei","pre_trade",579328,1955,432,0,969,341,0,0,0,213,0.220971867007673,0,0.495652173913044,0.174424552429668,0,0,0,0.108951406649616
"150","Kimbrel, Craig","post_trade",518886,386,0,0,229,0,0,0,0,0,0,0,0.593264248704663,0,0,0,0,0
"151","Kimbrel, Craig","pre_trade",518886,600,0,0,356,0,0,0,0,0,0,0,0.593333333333333,0,0,0,0,0
"152","King, John","post_trade",667463,261,0,0,0,16,0,147,0,98,0,0,0,0.0613026819923372,0,0.563218390804598,0,0.375478927203065
"153","King, John","pre_trade",667463,266,0,0,2,27,0,139,0,98,0,0,0.0075187969924812,0.101503759398496,0,0.522556390977444,0,0.368421052631579
"154","Kolarek, Adam","post_trade",592473,64,0,0,27,17,0,20,0,0,0,0,0.421875,0.265625,0,0.3125,0,0
"155","Kolarek, Adam","pre_trade",592473,19,0,0,0,2,0,17,0,0,0,0,0,0.105263157894737,0,0.894736842105263,0,0
"156","Kopech, Michael","post_trade",656629,365,0,38,281,46,0,0,0,0,0,0.104109589041096,0.76986301369863,0.126027397260274,0,0,0,0
"157","Kopech, Michael","pre_trade",656629,778,0,82,615,79,0,0,0,0,0,0.105398457583548,0.790488431876607,0.101542416452442,0,0,0,0
"158","Lamet, Dinelson","post_trade",659275,347,0,0,163,179,0,5,0,0,0,0,0.469740634005764,0.515850144092219,0,0.0144092219020173,0,0
"159","Lamet, Dinelson","pre_trade",659275,236,0,0,98,127,0,2,0,9,0,0,0.415254237288136,0.538135593220339,0,0.00847457627118644,0,0.038135593220339
"160","Leone, Dominic","post_trade",608678,423,0,125,152,136,0,10,0,0,0,0.295508274231678,0.359338061465721,0.321513002364066,0,0.0236406619385343,0,0
"161","Leone, Dominic","pre_trade",608678,463,0,154,180,129,0,0,0,0,0,0.332613390928726,0.388768898488121,0.278617710583153,0,0,0,0
"162","Lester, Jon","post_trade",452657,1061,92,224,318,0,0,219,0,208,0.0867106503298775,0.211121583411876,0.299717247879359,0,0,0.20640904806786,0,0.196041470311027
"163","Lester, Jon","pre_trade",452657,1319,109,386,421,0,0,179,0,224,0.0826383623957544,0.292645943896892,0.31918119787718,0,0,0.135708870356331,0,0.169825625473844
"164","Llovera, Mauricio","post_trade",661440,549,0,18,1,174,0,356,0,0,0,0.0327868852459016,0.00182149362477231,0.316939890710383,0,0.648451730418944,0,0
"165","Llovera, Mauricio","pre_trade",661440,72,0,0,2,37,0,33,0,0,0,0,0.0277777777777778,0.513888888888889,0,0.458333333333333,0,0
"166","Lorenzen, Michael","post_trade",547179,1212,62,46,384,154,99,212,0,255,0.0511551155115512,0.037953795379538,0.316831683168317,0.127062706270627,0.0816831683168317,0.174917491749175,0,0.21039603960396
"167","Lorenzen, Michael","pre_trade",547179,3246,130,198,998,567,182,522,0,649,0.0400492914356131,0.0609981515711645,0.307455329636476,0.174676524953789,0.0560690080098583,0.160813308687616,0,0.199938385705484
"168","Lynn, Lance","post_trade",458681,1046,176,175,509,0,0,125,0,61,0.168260038240918,0.167304015296367,0.486615678776291,0,0,0.119502868068834,0,0.0583173996175908
"169","Lynn, Lance","pre_trade",458681,2121,266,543,875,0,0,278,0,159,0.125412541254125,0.256011315417256,0.412541254125413,0,0,0.131070249882131,0,0.074964639321075
"170","López, Jorge","post_trade",605347,425,0,0,54,53,0,169,0,39,0,0,0.127058823529412,0.124705882352941,0,0.397647058823529,0,0.0917647058823529
"171","López, Jorge","pre_trade",605347,541,0,0,100,104,0,163,0,73,0,0,0.184842883548983,0.192236598890943,0,0.301293900184843,0,0.134935304990758
"172","López, Reynaldo","post_trade",625643,411,0,0,279,105,0,5,0,22,0,0,0.678832116788321,0.255474452554745,0,0.0121654501216545,0,0.0535279805352798
"173","López, Reynaldo","pre_trade",625643,794,11,0,491,249,0,0,0,43,0.0138539042821159,0,0.618387909319899,0.31360201511335,0,0,0,0.0541561712846348
"174","Mahle, Tyler","post_trade",641816,251,0,55,143,10,0,1,42,0,0,0.219123505976096,0.569721115537849,0.0398406374501992,0,0.00398406374501992,0.167330677290837,0
"175","Mahle, Tyler","pre_trade",641816,1850,0,217,945,230,0,4,454,0,0,0.117297297297297,0.510810810810811,0.124324324324324,0,0.00216216216216216,0.245405405405405,0
"176","Martin, Chris","post_trade",455119,342,0,121,162,0,12,18,29,0,0,0.353801169590643,0.473684210526316,0,0.0350877192982456,0.0526315789473684,0.0847953216374269,0
"177","Martin, Chris","pre_trade",455119,515,32,151,207,0,22,53,50,0,0.0621359223300971,0.293203883495146,0.401941747572816,0,0.0427184466019417,0.102912621359223,0.0970873786407767,0
"178","Maton, Phil","post_trade",664208,898,286,185,189,31,139,68,0,0,0.318485523385301,0.206013363028953,0.210467706013363,0.0345211581291759,0.154788418708241,0.0757238307349666,0,0
"179","Maton, Phil","pre_trade",664208,1354,309,293,377,180,163,32,0,0,0.22821270310192,0.216395864106352,0.278434268833087,0.132939438700148,0.120384047267356,0.0236336779911374,0,0
"180","Matzek, Tyler","pre_trade",554431,179,0,1,120,58,0,0,0,0,0,0.00558659217877095,0.670391061452514,0.324022346368715,0,0,0,0
"181","Mazur, Adam","pre_trade",800049,584,74,0,231,196,1,22,0,60,0.126712328767123,0,0.39554794520548,0.335616438356164,0.00171232876712329,0.0376712328767123,0,0.102739726027397
"182","Mears, Nick","post_trade",683232,198,14,0,123,61,0,0,0,0,0.0707070707070707,0,0.621212121212121,0.308080808080808,0,0,0,0
"183","Mears, Nick","pre_trade",683232,830,163,0,496,171,0,0,0,0,0.196385542168675,0,0.597590361445783,0.206024096385542,0,0,0,0
"184","Middleton, Keynan","post_trade",641871,220,0,0,51,83,0,0,0,86,0,0,0.231818181818182,0.377272727272727,0,0,0,0.390909090909091
"185","Middleton, Keynan","pre_trade",641871,636,0,0,174,181,0,0,0,281,0,0,0.273584905660377,0.284591194968553,0,0,0,0.441823899371069
"186","Misiewicz, Anthony","post_trade",664948,231,70,89,68,4,0,0,0,0,0.303030303030303,0.385281385281385,0.294372294372294,0.0173160173160173,0,0,0,0
"187","Misiewicz, Anthony","pre_trade",664948,234,86,84,64,0,0,0,0,0,0.367521367521368,0.358974358974359,0.273504273504274,0,0,0,0,0
"188","Moll, Sam","post_trade",594580,371,0,0,148,0,118,98,0,7,0,0,0.398921832884097,0,0.318059299191375,0.264150943396226,0,0.0188679245283019
"189","Moll, Sam","pre_trade",594580,654,0,0,114,0,270,263,0,7,0,0,0.174311926605505,0,0.412844036697248,0.402140672782875,0,0.0107033639143731
"190","Montas, Frankie","post_trade",593423,1715,0,269,542,193,0,402,309,0,0,0.156851311953353,0.31603498542274,0.112536443148688,0,0.234402332361516,0.180174927113703,0
"191","Montas, Frankie","pre_trade",593423,3245,0,417,985,450,0,626,767,0,0,0.128505392912173,0.303543913713405,0.138674884437596,0,0.19291217257319,0.236363636363636,0
"192","Montero, Rafael","post_trade",606160,87,0,0,37,22,0,17,0,11,0,0,0.425287356321839,0.252873563218391,0,0.195402298850575,0,0.126436781609195
"193","Montero, Rafael","pre_trade",606160,785,0,0,272,148,0,209,0,156,0,0,0.346496815286624,0.188535031847134,0,0.26624203821656,0,0.198726114649682
"194","Montgomery, Jordan","post_trade",656756,1995,458,21,448,5,0,650,0,413,0.229573934837093,0.0105263157894737,0.224561403508772,0.0025062656641604,0,0.325814536340852,0,0.207017543859649
"195","Montgomery, Jordan","pre_trade",656756,3640,794,117,318,0,0,1550,0,861,0.218131868131868,0.0321428571428571,0.0873626373626374,0,0,0.425824175824176,0,0.236538461538462
"196","Muckenhirn, Zach","pre_trade",669105,95,0,0,62,10,0,0,0,23,0,0,0.652631578947368,0.105263157894737,0,0,0,0.242105263157895
"197","Norris, Daniel","post_trade",596057,380,0,0,199,46,0,0,0,135,0,0,0.523684210526316,0.121052631578947,0,0,0,0.355263157894737
"198","Norris, Daniel","pre_trade",596057,608,0,0,270,178,0,0,0,160,0,0,0.444078947368421,0.292763157894737,0,0,0,0.263157894736842
"199","Odorizzi, Jake","post_trade",543606,850,26,199,261,37,0,143,184,0,0.0305882352941176,0.234117647058824,0.307058823529412,0.0435294117647059,0,0.168235294117647,0.216470588235294,0
"200","Odorizzi, Jake","pre_trade",543606,948,43,182,431,92,0,85,115,0,0.0453586497890295,0.191983122362869,0.45464135021097,0.0970464135021097,0,0.089662447257384,0.121308016877637,0
"201","Oviedo, Johan","post_trade",670912,538,61,0,233,202,0,0,0,42,0.113382899628253,0,0.433085501858736,0.37546468401487,0,0,0,0.0780669144981413
"202","Oviedo, Johan","pre_trade",670912,442,51,0,192,187,0,0,0,12,0.115384615384615,0,0.434389140271493,0.423076923076923,0,0,0,0.0271493212669683
"203","Patiño, Luis","post_trade",672715,306,7,0,79,80,0,106,0,34,0.022875816993464,0,0.258169934640523,0.261437908496732,0,0.34640522875817,0,0.111111111111111
"204","Patiño, Luis","pre_trade",672715,77,0,0,27,32,0,11,0,7,0,0,0.350649350649351,0.415584415584416,0,0.142857142857143,0,0.0909090909090909
"205","Paxton, James","post_trade",572020,167,0,0,77,0,0,15,0,5,0,0,0.461077844311377,0,0,0.0898203592814371,0,0.029940119760479
"206","Paxton, James","pre_trade",572020,1541,0,53,851,0,0,83,0,107,0,0.0343932511356262,0.552238805970149,0,0,0.0538611291369241,0,0.0694354315379624
"207","Payamps, Joel","post_trade",606303,344,0,0,150,112,0,51,0,31,0,0,0.436046511627907,0.325581395348837,0,0.148255813953488,0,0.0901162790697674
"208","Payamps, Joel","pre_trade",606303,482,0,0,189,132,0,110,0,50,0,0,0.392116182572614,0.273858921161826,0,0.228215767634855,0,0.103734439834025
"209","Pearson, Nate","post_trade",663878,342,31,0,156,144,0,11,0,0,0.0906432748538012,0,0.456140350877193,0.421052631578947,0,0.0321637426900585,0,0
"210","Pearson, Nate","pre_trade",663878,717,91,0,330,287,0,8,1,0,0.126917712691771,0,0.460251046025105,0.400278940027894,0,0.0111576011157601,0.00139470013947001,0
"211","Pop, Zach","post_trade",647315,262,0,0,0,78,0,184,0,0,0,0,0,0.297709923664122,0,0.702290076335878,0,0
"212","Pop, Zach","pre_trade",647315,274,0,0,0,45,0,228,0,1,0,0,0,0.164233576642336,0,0.832116788321168,0,0.00364963503649635
"213","Priester, Quinn","post_trade",682990,89,11,9,0,30,0,20,0,19,0.123595505617978,0.101123595505618,0,0.337078651685393,0,0.224719101123595,0,0.213483146067416
"214","Priester, Quinn","pre_trade",682990,722,107,0,110,196,0,225,0,84,0.14819944598338,0,0.152354570637119,0.271468144044321,0,0.311634349030471,0,0.116343490304709
"215","Pérez, Martín","post_trade",527048,816,166,138,35,0,0,271,0,206,0.20343137254902,0.169117647058824,0.0428921568627451,0,0,0.332107843137255,0,0.252450980392157
"216","Pérez, Martín","pre_trade",527048,1388,144,347,66,1,0,535,0,295,0.103746397694524,0.25,0.0475504322766571,0.000720461095100865,0,0.385446685878963,0,0.212536023054755
"217","Quintana, Jose","post_trade",500779,994,276,0,367,0,0,204,0,125,0.277665995975855,0,0.369215291750503,0,0,0.20523138832998,0,0.125754527162978
"218","Quintana, Jose","pre_trade",500779,1730,322,0,613,0,0,243,0,406,0.186127167630058,0,0.354335260115607,0,0,0.140462427745665,0,0.234682080924855
"219","Richards, Trevor","post_trade",670950,255,0,0,152,0,0,0,0,103,0,0,0.596078431372549,0,0,0,0,0.403921568627451
"220","Richards, Trevor","pre_trade",670950,927,0,0,397,0,0,0,0,530,0,0,0.428263214670982,0,0,0,0,0.571736785329018
"221","Robertson, David","post_trade",502085,793,0,392,0,204,0,0,0,6,0,0.494325346784363,0,0.257250945775536,0,0,0,0.00756620428751576
"222","Robertson, David","pre_trade",502085,1334,0,717,0,245,0,1,0,9,0,0.537481259370315,0,0.183658170914543,0,0.000749625187406297,0,0.00674662668665667
"223","Robertson, Nick","post_trade",687798,198,0,0,110,5,48,0,0,35,0,0,0.555555555555556,0.0252525252525253,0.242424242424242,0,0,0.176767676767677
"224","Robertson, Nick","pre_trade",687798,194,0,0,99,5,1,0,0,89,0,0,0.510309278350515,0.0257731958762887,0.00515463917525773,0,0,0.458762886597938
"225","Robles, Hansel","post_trade",570663,414,1,0,241,79,0,9,0,84,0.00241545893719807,0,0.582125603864734,0.190821256038647,0,0.0217391304347826,0,0.202898550724638
"226","Robles, Hansel","pre_trade",570663,771,0,0,404,92,0,7,0,268,0,0,0.523994811932555,0.119325551232166,0,0.00907911802853437,0,0.347600518806744
"227","Rogers, Taylor","post_trade",573124,395,0,0,2,0,241,152,0,0,0,0,0.00506329113924051,0,0.610126582278481,0.384810126582278,0,0
"228","Rogers, Taylor","pre_trade",573124,690,0,0,0,0,378,312,0,0,0,0,0,0,0.547826086956522,0.452173913043478,0,0
"229","Rogers, Trevor","post_trade",669432,357,0,0,92,71,0,96,0,98,0,0,0.257703081232493,0.198879551820728,0,0.26890756302521,0,0.274509803921569
"230","Rogers, Trevor","pre_trade",669432,1886,0,0,619,391,0,441,0,435,0,0,0.328207847295864,0.207317073170732,0,0.233828207847296,0,0.230646871686108
"231","Romero, JoJo","post_trade",668941,237,0,0,57,55,0,53,0,72,0,0,0.240506329113924,0.232067510548523,0,0.223628691983122,0,0.30379746835443
"232","Romero, JoJo","pre_trade",668941,34,0,4,2,3,0,17,0,8,0,0.117647058823529,0.0588235294117647,0.0882352941176471,0,0.5,0,0.235294117647059
"233","Scherzer, Max","post_trade",453286,1749,227,175,785,294,0,0,0,268,0.129788450543168,0.100057175528874,0.44882790165809,0.168096054888508,0,0,0,0.153230417381361
"234","Scherzer, Max","pre_trade",453286,3537,356,359,1674,648,0,0,0,500,0.1006502685892,0.101498445009895,0.473282442748092,0.183206106870229,0,0,0,0.141362736782584
"235","Scott, Tanner","post_trade",656945,423,0,0,241,182,0,0,0,0,0,0,0.569739952718676,0.430260047281324,0,0,0,0
"236","Scott, Tanner","pre_trade",656945,740,0,0,447,291,0,1,0,1,0,0,0.604054054054054,0.393243243243243,0,0.00135135135135135,0,0.00135135135135135
"237","Sears, JP","post_trade",676664,768,205,0,424,0,2,0,0,137,0.266927083333333,0,0.552083333333333,0,0.00260416666666667,0,0,0.178385416666667
"238","Sears, JP","pre_trade",676664,311,72,0,187,0,0,0,0,52,0.231511254019293,0,0.60128617363344,0,0,0,0,0.167202572347267
"239","Selman, Sam","post_trade",572125,317,0,0,185,131,0,1,0,0,0,0,0.583596214511041,0.413249211356467,0,0.00315457413249211,0,0
"240","Selman, Sam","pre_trade",572125,177,0,0,87,89,0,1,0,0,0,0,0.491525423728814,0.502824858757062,0,0.00564971751412429,0,0
"241","Sewald, Paul","post_trade",623149,345,0,0,224,0,121,0,0,0,0,0,0.64927536231884,0,0.350724637681159,0,0,0
"242","Sewald, Paul","pre_trade",623149,692,0,0,366,0,323,3,0,0,0,0,0.528901734104046,0,0.466763005780347,0.00433526011560694,0,0
"243","Sims, Lucas","post_trade",608371,250,26,89,45,12,78,0,0,0,0.104,0.356,0.18,0.048,0.312,0,0,0
"244","Sims, Lucas","pre_trade",608371,635,39,48,233,11,302,0,2,0,0.0614173228346457,0.0755905511811024,0.366929133858268,0.0173228346456693,0.475590551181102,0,0.0031496062992126,0
"245","Smith, Joe","post_trade",501925,245,0,0,44,87,0,114,0,0,0,0,0.179591836734694,0.355102040816327,0,0.46530612244898,0,0
"246","Smith, Joe","pre_trade",501925,405,0,0,108,140,0,143,0,14,0,0,0.266666666666667,0.345679012345679,0,0.353086419753086,0,0.0345679012345679
"247","Smith, Will","post_trade",519293,330,12,0,132,172,0,5,0,9,0.0363636363636364,0,0.4,0.521212121212121,0,0.0151515151515152,0,0.0272727272727273
"248","Smith, Will","pre_trade",519293,655,78,0,274,303,0,0,0,0,0.119083969465649,0,0.418320610687023,0.462595419847328,0,0,0,0
"249","Soria, Joakim","post_trade",465657,143,6,0,84,27,0,1,0,25,0.041958041958042,0,0.587412587412587,0.188811188811189,0,0.00699300699300699,0,0.174825174825175
"250","Soria, Joakim","pre_trade",465657,462,20,0,275,102,0,3,0,62,0.0432900432900433,0,0.595238095238095,0.220779220779221,0,0.00649350649350649,0,0.134199134199134
"251","Soto, Gregory","post_trade",642397,311,0,0,27,73,34,177,0,0,0,0,0.0868167202572347,0.234726688102894,0.109324758842444,0.569131832797428,0,0
"252","Soto, Gregory","pre_trade",642397,649,0,7,77,249,42,274,0,0,0,0.0107858243451464,0.11864406779661,0.38366718027735,0.0647149460708783,0.422187981510015,0,0
"253","Stanek, Ryne","post_trade",592773,283,0,0,167,43,0,7,66,0,0,0,0.590106007067138,0.151943462897526,0,0.0247349823321555,0.23321554770318,0
"254","Stanek, Ryne","pre_trade",592773,694,0,0,412,119,0,20,143,0,0,0,0.593659942363112,0.171469740634006,0,0.0288184438040346,0.206051873198847,0
"255","Stratton, Chris","post_trade",608717,855,172,0,408,191,0,19,0,65,0.201169590643275,0,0.47719298245614,0.223391812865497,0,0.0222222222222222,0,0.0760233918128655
"256","Stratton, Chris","pre_trade",608717,1602,399,0,803,282,2,8,0,108,0.249063670411985,0,0.501248439450687,0.176029962546816,0.00124843945068664,0.00499375780274657,0,0.0674157303370786
"257","Strzelecki, Peter","post_trade",657265,34,0,0,27,0,6,0,0,1,0,0,0.794117647058823,0,0.176470588235294,0,0,0.0294117647058824
"258","Strzelecki, Peter","pre_trade",657265,619,0,2,207,6,162,127,0,115,0,0.00323101777059774,0.334410339256866,0.00969305331179321,0.261712439418417,0.205169628432956,0,0.18578352180937
"259","Sulser, Cole","post_trade",642121,198,0,39,91,8,0,0,0,60,0,0.196969696969697,0.45959595959596,0.0404040404040404,0,0,0,0.303030303030303
"260","Sulser, Cole","pre_trade",642121,94,0,11,52,16,0,0,0,15,0,0.117021276595745,0.553191489361702,0.170212765957447,0,0,0,0.159574468085106
"261","Syndergaard, Noah","post_trade",592789,1308,198,30,182,274,0,413,0,207,0.151376146788991,0.0229357798165138,0.13914373088685,0.209480122324159,0,0.315749235474006,0,0.158256880733945
"262","Syndergaard, Noah","pre_trade",592789,2126,289,179,373,173,0,600,5,502,0.135936030103481,0.0841956726246472,0.175446848541863,0.08137347130762,0,0.282220131702728,0.00235183443085607,0.236124176857949
"263","Szapucki, Thomas","post_trade",663378,242,93,0,149,0,0,0,0,0,0.384297520661157,0,0.615702479338843,0,0,0,0,0
"264","Szapucki, Thomas","pre_trade",663378,49,8,0,28,0,0,0,0,13,0.163265306122449,0,0.571428571428571,0,0,0,0,0.26530612244898
"265","Tepera, Ryan","post_trade",572193,301,0,0,134,141,0,4,0,22,0,0,0.445182724252492,0.46843853820598,0,0.0132890365448505,0,0.0730897009966777
"266","Tepera, Ryan","pre_trade",572193,647,5,0,182,285,0,98,0,77,0.00772797527047913,0,0.28129829984544,0.440494590417311,0,0.151468315301391,0,0.119010819165379
"267","Thompson, Mason","post_trade",666168,381,0,0,11,58,0,308,0,4,0,0,0.0288713910761155,0.152230971128609,0,0.808398950131234,0,0.010498687664042
"268","Thompson, Mason","pre_trade",666168,43,0,0,0,0,0,42,0,1,0,0,0,0,0,0.976744186046512,0,0.0232558139534884
"269","Thornton, Trent","post_trade",663423,377,30,1,121,43,142,40,0,0,0.0795755968169761,0.0026525198938992,0.320954907161804,0.114058355437666,0.376657824933687,0.106100795755968,0,0
"270","Thornton, Trent","pre_trade",663423,81,18,0,31,2,16,14,0,0,0.222222222222222,0,0.382716049382716,0.0246913580246914,0.197530864197531,0.17283950617284,0,0
"271","Trivino, Lou","post_trade",642152,357,0,60,41,0,126,99,0,31,0,0.168067226890756,0.11484593837535,0,0.352941176470588,0.277310924369748,0,0.0868347338935574
"272","Trivino, Lou","pre_trade",642152,598,22,88,132,0,101,184,0,71,0.0367892976588629,0.147157190635452,0.220735785953177,0,0.168896321070234,0.307692307692308,0,0.118729096989967
"273","Verlander, Justin","post_trade",434378,1041,226,0,527,233,0,0,0,55,0.217098943323727,0,0.506243996157541,0.223823246878002,0,0,0,0.0528338136407301
"274","Verlander, Justin","pre_trade",434378,1561,294,0,775,426,0,0,0,66,0.188340807174888,0,0.496476617552851,0.27290198590647,0,0,0,0.0422805893657912
"275","Walker, Josh","pre_trade",677020,215,82,0,73,0,0,60,0,0,0.381395348837209,0,0.33953488372093,0,0,0.27906976744186,0,0
"276","Watson, Tony","post_trade",453265,338,0,0,105,81,0,53,0,99,0,0,0.310650887573964,0.239644970414201,0,0.156804733727811,0,0.292899408284024
"277","Watson, Tony","pre_trade",453265,528,0,0,113,128,0,98,0,189,0,0,0.214015151515152,0.242424242424242,0,0.185606060606061,0,0.357954545454545
"278","Weathers, Ryan","post_trade",677960,277,0,0,150,0,74,11,0,42,0,0,0.541516245487365,0,0.267148014440433,0.0397111913357401,0,0.151624548736462
"279","Weathers, Ryan","pre_trade",677960,796,0,0,426,0,144,16,0,210,0,0,0.535175879396985,0,0.180904522613065,0.0201005025125628,0,0.263819095477387
"280","Weaver, Luke","post_trade",596133,378,38,0,216,17,0,1,0,106,0.100529100529101,0,0.571428571428571,0.044973544973545,0,0.00264550264550265,0,0.28042328042328
"281","Weaver, Luke","pre_trade",596133,343,29,0,214,15,0,4,0,81,0.0845481049562682,0,0.623906705539359,0.043731778425656,0,0.0116618075801749,0,0.236151603498542
"282","White, Mitch","post_trade",669952,775,104,0,343,2,227,52,0,47,0.134193548387097,0,0.44258064516129,0.00258064516129032,0.292903225806452,0.0670967741935484,0,0.0606451612903226
"283","White, Mitch","pre_trade",669952,940,189,0,418,0,240,76,0,17,0.201063829787234,0,0.44468085106383,0,0.25531914893617,0.0808510638297872,0,0.0180851063829787
"284","Williams, Trevor","post_trade",592866,499,17,0,250,107,0,65,0,60,0.0340681362725451,0,0.501002004008016,0.214428857715431,0,0.130260521042084,0,0.120240480961924
"285","Williams, Trevor","pre_trade",592866,1038,122,0,494,209,0,120,0,93,0.117533718689788,0,0.475915221579961,0.201348747591522,0,0.115606936416185,0,0.0895953757225433
"286","Wilson, Bryse","post_trade",669060,603,88,1,277,10,0,118,0,109,0.145936981757877,0.00165837479270315,0.459369817578773,0.0165837479270315,0,0.195688225538972,0,0.180762852404643
"287","Wilson, Bryse","pre_trade",669060,533,43,8,227,46,0,108,0,101,0.0806754221388368,0.0150093808630394,0.425891181988743,0.0863039399624766,0,0.202626641651032,0,0.189493433395872
"288","Wilson, Justin","post_trade",458677,256,0,112,124,20,0,0,0,0,0,0.4375,0.484375,0.078125,0,0,0,0
"289","Wilson, Justin","pre_trade",458677,348,0,104,227,17,0,0,0,0,0,0.298850574712644,0.652298850574713,0.0488505747126437,0,0,0,0
"290","Wolf, Jackson","pre_trade",680232,75,0,0,34,25,0,0,0,16,0,0,0.453333333333333,0.333333333333333,0,0,0,0.213333333333333
"291","Yarbrough, Ryan","post_trade",642232,1046,0,183,288,0,265,162,0,147,0,0.174952198852772,0.275334608030593,0,0.253346080305927,0.154875717017208,0,0.140535372848948
"292","Yarbrough, Ryan","pre_trade",642232,1920,0,327,422,0,524,297,0,346,0,0.1703125,0.219791666666667,0,0.272916666666667,0.1546875,0,0.180208333333333
"293","Zuber, Tyler","pre_trade",676604,75,0,16,32,0,27,0,0,0,0,0.213333333333333,0.426666666666667,0,0.36,0,0,0
