"","season","trade_status","PlayerName","avg_IP","n_IP","gs_pct","sv_pct","hld_pct","tbf_avg","h_avg","er_avg","hr_avg","bb_avg","hbp_avg","wp_avg","bk_avg","k_per_9","bb_per9_avg","whip","babip_est","pitches_avg"
"1",2021,"post_trade","Andrew Chafin",0.964285714285714,81,0,0.178571428571429,0.178571428571429,4.14285714285714,0.857142857142857,0.178571428571429,0.107142857142857,0.25,0,0.0357142857142857,0,9,2.33333333333333,10.3333333333333,0.265822784810127,13.7142857142857
"2",2021,"post_trade","Andrew Heaney",2.875,34.5,0.416666666666667,0,0,13.0833333333333,3.16666666666667,2.41666666666667,1.08333333333333,0.833333333333333,0.25,0.0833333333333333,0,9.65217391304348,2.60869565217391,12.5217391304348,0.265957446808511,52.75
"3",2021,"post_trade","Ashton Goudeau",2.15454545454545,23.7,0.0909090909090909,0,0,8.81818181818182,1.45454545454545,1.09090909090909,0.272727272727273,0.727272727272727,0.181818181818182,0.0909090909090909,0,6.45569620253165,3.0379746835443,9.11392405063291,0.194029850746269,36
"4",2021,"post_trade","Austin Davis",0.557894736842105,10.6,0,0,0.105263157894737,3.94736842105263,0.947368421052632,0.473684210526316,0.105263157894737,0.368421052631579,0,0.0526315789473684,0,14.4339622641509,5.9433962264151,21.2264150943396,0.326530612244898,16.1052631578947
"5",2021,"post_trade","Brad Hand",0.711111111111111,38.4,0,0,0.111111111111111,3.55555555555556,0.925925925925926,0.407407407407407,0.148148148148148,0.296296296296296,0.037037037037037,0.0740740740740741,0,8.90625,3.75,15.46875,0.328125,14.037037037037
"6",2021,"post_trade","Bryse Wilson",5.0125,40.1,1,0,0,21.125,5,2.75,1,1.25,0,0.125,0,5.16209476309227,2.24438902743142,11.2219451371571,0.25,75.375
"7",2021,"post_trade","Clay Holmes",1.036,25.9,0,0,0.2,4.12,0.72,0.2,0.08,0.16,0,0.16,0,11.8146718146718,1.38996138996139,7.64478764478764,0.253968253968254,15.84
"8",2021,"post_trade","Codi Heuer",1.1,27.5,0,0.08,0.16,4.6,0.8,0.4,0.08,0.52,0.04,0.12,0,5.56363636363636,4.25454545454545,10.8,0.219512195121951,15.88
"9",2021,"post_trade","Craig Kimbrel",0.9,21.6,0,0.0416666666666667,0.25,4.08333333333333,0.75,0.541666666666667,0.208333333333333,0.416666666666667,0.125,0.208333333333333,0,15,4.16666666666667,11.6666666666667,0.295454545454545,17
"10",2021,"post_trade","DJ Johnson",0.733333333333333,2.2,0,0,0,2.66666666666667,0,0,0,0,0,0,0,8.18181818181818,0,0,0,12.6666666666667
"11",2021,"post_trade","Daniel Hudson",0.690909090909091,15.2,0,0,0.0909090909090909,3.59090909090909,0.727272727272727,0.454545454545455,0.136363636363636,0.409090909090909,0,0.0909090909090909,0,15.3947368421053,5.32894736842105,14.8026315789474,0.317073170731707,14.7727272727273
"12",2021,"post_trade","Daniel Norris",1.03888888888889,18.7,0,0,0.0555555555555556,5.05555555555556,0.944444444444444,0.833333333333333,0.277777777777778,0.833333333333333,0,0.111111111111111,0,8.66310160427808,7.2192513368984,15.4010695187166,0.226415094339623,21.1111111111111
"13",2021,"post_trade","Diego Castillo",0.858333333333333,20.6,0,0.0833333333333333,0.291666666666667,3.66666666666667,0.583333333333333,0.291666666666667,0.166666666666667,0.291666666666667,0.166666666666667,0.0416666666666667,0,11.3592233009709,3.05825242718447,9.1747572815534,0.212765957446809,14.9166666666667
"14",2021,"post_trade","Hansel Robles",0.874074074074074,23.6,0,0.148148148148148,0.111111111111111,4.03703703703704,0.777777777777778,0.37037037037037,0.0740740740740741,0.481481481481481,0.0740740740740741,0.0740740740740741,0.037037037037037,12.5847457627119,4.95762711864407,12.9661016949153,0.322033898305085,15.3333333333333
"15",2021,"post_trade","Ian Kennedy",0.982608695652174,22.6,0,0.434782608695652,0,4.43478260869565,0.782608695652174,0.478260869565217,0.304347826086957,0.434782608695652,0.0869565217391304,0,0,10.7522123893805,3.98230088495575,11.1504424778761,0.196428571428571,19.304347826087
"16",2021,"post_trade","Joakim Soria",0.73,7.3,0,0,0.2,3.4,0.8,0.7,0.2,0.4,0,0.1,0,11.0958904109589,4.93150684931507,14.7945205479452,0.31578947368421,14.3
"17",2021,"post_trade","Joe Smith",0.6,13.8,0,0,0.130434782608696,3.04347826086957,0.521739130434783,0.173913043478261,0.0434782608695652,0.173913043478261,0,0,0,11.0869565217391,2.60869565217391,10.4347826086957,0.229166666666667,10.6521739130435
"18",2021,"post_trade","Joel Payamps",1.2,18,0.0666666666666667,0,0,5.73333333333333,1.53333333333333,0.666666666666667,0.2,0.2,0,0.0666666666666667,0,8,1.5,13,0.3125,22.9333333333333
"19",2021,"post_trade","John Curtiss",0.45,2.7,0,0,0.5,4.33333333333333,1.33333333333333,1,0.333333333333333,0.5,0,0,0,13.3333333333333,10,36.6666666666667,0.352941176470588,17
"20",2021,"post_trade","John Gant",2.32142857142857,32.5,0.5,0,0.0714285714285714,10.4285714285714,2.21428571428571,1.5,0.285714285714286,1.07142857142857,0.0714285714285714,0.214285714285714,0,9.96923076923077,4.15384615384615,12.7384615384615,0.3,41.5
"21",2021,"post_trade","Jon Lester",5.38333333333333,64.6,1,0,0,23.75,5.66666666666667,2.66666666666667,0.916666666666667,2.16666666666667,0.166666666666667,0,0,5.57275541795666,3.62229102167183,13.0959752321981,0.276699029126214,88.4166666666667
"22",2021,"post_trade","Josiah Gray",5.18333333333333,62.2,1,0,0,22.6666666666667,4.66666666666667,3.08333333333333,1.25,2.33333333333333,0.166666666666667,0.5,0,9.11575562700964,4.05144694533762,12.1543408360129,0.25,88.0833333333333
"23",2021,"post_trade","Justin Wilson",0.595238095238095,12.5,0,0,0.0952380952380952,3.14285714285714,0.666666666666667,0.238095238095238,0.0476190476190476,0.333333333333333,0,0.0476190476190476,0,10.08,5.04,15.12,0.295454545454545,12.1904761904762
"24",2021,"post_trade","Kendall Graveman",0.908695652173913,41.8,0,0,0.304347826086957,4.39130434782609,0.869565217391304,0.347826086956522,0.0434782608695652,0.521739130434783,0.217391304347826,0.0434782608695652,0,11.6267942583732,5.16746411483254,13.7799043062201,0.339285714285714,16.7826086956522
"25",2021,"post_trade","Kyle Gibson",5.575,66.9,0.916666666666667,0,0,24.5,5.5,3.25,0.666666666666667,1.91666666666667,0.25,0,0.0833333333333333,8.20627802690583,3.09417040358744,11.9730941704036,0.291457286432161,93.4166666666667
"26",2021,"post_trade","Luis Cessa",0.970833333333333,23.3,0,0,0.125,4.16666666666667,1,0.25,0.125,0.0833333333333333,0,0.0416666666666667,0,8.88412017167382,0.772532188841202,10.0429184549356,0.291666666666667,15.0833333333333
"27",2021,"post_trade","Mason Thompson",0.655555555555556,17.7,0,0,0.185185185185185,4,1.03703703703704,0.37037037037037,0.148148148148148,0.518518518518518,0.037037037037037,0.037037037037037,0,10.6779661016949,7.11864406779661,21.3559322033898,0.352941176470588,14.1111111111111
"28",2021,"post_trade","Max Scherzer",6.12727272727273,134.8,1,0,0,24.0909090909091,4.36363636363636,1.36363636363636,0.454545454545455,0.727272727272727,0.181818181818182,0.181818181818182,0,11.8842729970326,1.06824925816024,7.47774480712166,0.267080745341615,94
"29",2021,"post_trade","Mychal Givens",0.856521739130435,39.4,0,0.347826086956522,0.130434782608696,4,0.782608695652174,0.434782608695652,0.0869565217391304,0.565217391304348,0,0,0.0434782608695652,9.13705583756345,5.93908629441624,14.1624365482233,0.280701754385965,16.7391304347826
"30",2021,"post_trade","Phil Maton",0.8,43.2,0,0,0.0740740740740741,4.40740740740741,1.07407407407407,0.518518518518518,0.0740740740740741,0.444444444444444,0.111111111111111,0,0,10,5,17.0833333333333,0.346153846153846,15.9259259259259
"31",2021,"post_trade","Rafael Montero",1.325,5.3,0,0,0,5.25,0.75,0,0,0.5,0,0,0,8.49056603773585,3.39622641509434,8.49056603773585,0.214285714285714,21.75
"32",2021,"post_trade","Rich Hill",4.8,124.8,0.923076923076923,0,0,20.9230769230769,4.76923076923077,2.07692307692308,0.538461538461538,1.46153846153846,0.615384615384615,0,0,8.50961538461538,2.74038461538461,11.6826923076923,0.307262569832402,80.5384615384615
"33",2021,"post_trade","Ryan Tepera",0.690909090909091,15.2,0,0.0454545454545455,0.272727272727273,3.40909090909091,0.590909090909091,0.227272727272727,0.0454545454545455,0.318181818181818,0.0454545454545455,0.136363636363636,0,14.2105263157895,4.14473684210526,11.8421052631579,0.285714285714286,13.6818181818182
"34",2021,"post_trade","Sam Selman",0.788888888888889,14.2,0,0,0.0555555555555556,4.27777777777778,0.888888888888889,0.666666666666667,0.0555555555555556,0.444444444444444,0.222222222222222,0,0,6.97183098591549,5.07042253521127,15.2112676056338,0.283018867924528,17.6111111111111
"35",2021,"post_trade","Shawn Armstrong",1.39090909090909,30.6,0,0,0.0909090909090909,5.90909090909091,1,0.727272727272727,0.454545454545455,0.454545454545455,0.0909090909090909,0,0,12.9411764705882,2.94117647058824,9.41176470588235,0.1875,25.9090909090909
"36",2021,"post_trade","Spencer Howard",2.55,61.2,1,0,0,12.75,3.5,2.875,0.625,1.25,0,0.375,0,9.26470588235294,4.41176470588235,16.7647058823529,0.348484848484849,51.375
"37",2021,"post_trade","Tony Watson",0.873076923076923,22.7,0,0,0.269230769230769,3.46153846153846,0.576923076923077,0.307692307692308,0.0384615384615385,0.153846153846154,0,0,0,7.53303964757709,1.58590308370044,7.53303964757709,0.212121212121212,13
"38",2021,"post_trade","Trevor Williams",3.07,30.7,0.3,0,0,14.1,3.7,1.1,0.1,0.9,0.1,0,0,8.50162866449511,2.63843648208469,13.485342019544,0.356435643564356,49.9
"39",2021,"post_trade","Tyler Anderson",4.75384615384615,61.8,1,0,0,21,5.46153846153846,2.61538461538462,0.846153846153846,1,0,0.0769230769230769,0.0769230769230769,6.99029126213592,1.89320388349515,12.2330097087379,0.298507462686567,78.6153846153846
"40",2021,"pre_trade","Andrew Chafin",0.762790697674419,98.4,0,0,0.395348837209302,3.48837209302326,0.488372093023256,0.209302325581395,0.0232558139534884,0.27906976744186,0.0465116279069767,0.0465116279069767,0,10.1524390243902,3.29268292682927,9.05487804878049,0.204081632653061,13.093023255814
"41",2021,"pre_trade","Andrew Heaney",5.06666666666667,91.2,1,0,0,22.2777777777778,5.11111111111111,3.05555555555556,0.888888888888889,1.72222222222222,0.166666666666667,0.166666666666667,0,11.1513157894737,3.05921052631579,12.1381578947368,0.319327731092437,94.2777777777778
"42",2021,"pre_trade","Ashton Goudeau",1.66,8.3,0,0,0,8.8,1.6,0.8,0.2,1.8,0,0,0,5.42168674698795,9.75903614457831,18.433734939759,0.241379310344828,33.6
"43",2021,"pre_trade","Austin Davis",0.92,9.2,0,0,0.2,4.2,0.6,0.6,0.2,0.5,0.1,0,0,10.7608695652174,4.89130434782609,10.7608695652174,0.173913043478261,16.7
"44",2021,"pre_trade","Brad Hand",0.978048780487805,80.2,0,0.51219512195122,0,4.4390243902439,0.75609756097561,0.414634146341463,0.121951219512195,0.439024390243902,0.121951219512195,0.024390243902439,0,9.42643391521197,4.03990024937656,10.997506234414,0.232142857142857,17
"45",2021,"pre_trade","Bryse Wilson",4.15,33.2,1,0,0,19.125,5.625,2.75,0.875,1.5,0.125,0.125,0.125,6.23493975903614,3.25301204819277,15.4518072289157,0.345454545454545,66.625
"46",2021,"pre_trade","Clay Holmes",0.827272727272727,36.4,0,0,0.136363636363636,4.29545454545455,0.795454545454545,0.522727272727273,0.0681818181818182,0.568181818181818,0.0909090909090909,0.113636363636364,0.0227272727272727,10.8791208791209,6.18131868131868,14.8351648351648,0.283185840707965,16.5454545454545
"47",2021,"pre_trade","Codi Heuer",0.815,32.6,0,0,0.325,4.15,1.125,0.55,0.125,0.25,0.025,0.075,0,10.7668711656442,2.76073619631902,15.1840490797546,0.36036036036036,16.3
"48",2021,"pre_trade","Craig Kimbrel",0.874358974358974,34.1,0,0.58974358974359,0,3.51282051282051,0.333333333333333,0.0512820512820513,0.0256410256410256,0.333333333333333,0,0.0769230769230769,0.0256410256410256,16.891495601173,3.43108504398827,6.86217008797654,0.203389830508475,15.3846153846154
"49",2021,"pre_trade","DJ Johnson",1.2,1.2,0,0,0,7,2,1,1,0,0,0,0,22.5,0,15,0.333333333333333,34
"50",2021,"pre_trade","Daniel Hudson",0.971875,31.1,0,0,0.4375,4.09375,0.75,0.28125,0.15625,0.21875,0,0.03125,0,14.1800643086817,2.02572347266881,8.97106109324759,0.271428571428571,16.875
"51",2021,"pre_trade","Daniel Norris",0.842105263157895,32,0,0.0263157894736842,0.157894736842105,4.13157894736842,1,0.631578947368421,0.105263157894737,0.394736842105263,0.0526315789473684,0.0789473684210526,0,11.25,4.21875,14.90625,0.354166666666667,16.0263157894737
"52",2021,"pre_trade","Danny Duffy",4.63846153846154,60.3,0.923076923076923,0,0,19.3846153846154,4,1.30769230769231,0.461538461538462,1.69230769230769,0,0.230769230769231,0,9.70149253731343,3.28358208955224,11.044776119403,0.289308176100629,77.6153846153846
"53",2021,"pre_trade","Diego Castillo",0.9,33.3,0,0.378378378378378,0.0810810810810811,3.91891891891892,0.702702702702703,0.297297297297297,0.135135135135135,0.27027027027027,0.027027027027027,0.027027027027027,0,13.2432432432432,2.7027027027027,9.72972972972973,0.2625,15.6216216216216
"54",2021,"pre_trade","Hansel Robles",0.884444444444444,39.8,0,0.222222222222222,0.311111111111111,4.17777777777778,0.822222222222222,0.533333333333333,0.133333333333333,0.533333333333333,0.0666666666666667,0.0444444444444444,0,9.72361809045226,5.42713567839196,13.7939698492462,0.276785714285714,17.1333333333333
"55",2021,"pre_trade","Ian Kennedy",1.003125,32.1,0,0.5,0,3.9375,0.84375,0.28125,0.15625,0.21875,0,0,0,9.81308411214953,1.96261682242991,9.53271028037383,0.278481012658228,14.21875
"56",2021,"pre_trade","Joakim Soria",0.916129032258065,28.4,0,0.193548387096774,0.0967741935483871,4.03225806451613,1,0.451612903225806,0.129032258064516,0.258064516129032,0.032258064516129,0.032258064516129,0.032258064516129,9.82394366197183,2.53521126760563,12.3591549295775,0.333333333333333,14.9032258064516
"57",2021,"pre_trade","Joe Smith",0.676923076923077,17.6,0,0,0.0384615384615385,3.96153846153846,1.34615384615385,0.692307692307692,0.153846153846154,0.153846153846154,0.115384615384615,0.0769230769230769,0,8.69318181818182,2.04545454545455,19.9431818181818,0.413333333333333,15.5769230769231
"58",2021,"pre_trade","Joel Payamps",1.17272727272727,25.8,0,0,0,5.40909090909091,0.954545454545455,0.409090909090909,0.136363636363636,0.5,0.0454545454545455,0,0,7.67441860465116,3.83720930232558,11.1627906976744,0.219512195121951,21.9090909090909
"59",2021,"pre_trade","John Curtiss",1.02285714285714,35.8,0.0571428571428571,0,0.0285714285714286,4.6,0.971428571428571,0.314285714285714,0.114285714285714,0.257142857142857,0.0285714285714286,0.0285714285714286,0,10.0558659217877,2.26256983240223,10.8100558659218,0.280373831775701,17.1714285714286
"60",2021,"pre_trade","John Gant",2.904,72.6,0.56,0,0.04,13.8,2.56,1.16,0.24,2.24,0.2,0,0,6.94214876033058,6.94214876033058,14.8760330578512,0.261261261261261,55.76
"61",2021,"pre_trade","Jon Lester",4.5625,73,1,0,0,21.375,5.6875,2.625,0.875,1.8125,0.0625,0,0,6.28767123287671,3.57534246575342,14.7945205479452,0.311740890688259,82.4375
"62",2021,"pre_trade","Josiah Gray",4,8,0.5,0,0,17.5,3.5,3,2,2.5,0,0.5,0,14.625,5.625,13.5,0.230769230769231,78
"63",2021,"pre_trade","Justin Wilson",0.757142857142857,15.9,0,0,0.0952380952380952,3.95238095238095,0.857142857142857,0.714285714285714,0.238095238095238,0.428571428571429,0.0476190476190476,0.0476190476190476,0,8.49056603773585,5.09433962264151,15.2830188679245,0.245283018867925,16.5714285714286
"64",2021,"pre_trade","Kendall Graveman",1.03,61.8,0,0.333333333333333,0.133333333333333,4.03333333333333,0.5,0.1,0.0666666666666667,0.266666666666667,0.1,0.0666666666666667,0,9.90291262135922,2.33009708737864,6.69902912621359,0.175675675675676,16.1666666666667
"65",2021,"pre_trade","Kyle Gibson",5.87368421052632,111.6,1,0,0,24.2105263157895,4.8421052631579,1.89473684210526,0.473684210526316,2.15789473684211,0.263157894736842,0.105263157894737,0,7.58064516129032,3.30645161290323,10.7258064516129,0.266881028938907,92.6315789473684
"66",2021,"pre_trade","Luis Cessa",1.21724137931034,35.3,0,0,0.0344827586206897,5.55172413793103,1.06896551724138,0.413793103448276,0.0689655172413793,0.586206896551724,0,0,0,7.90368271954674,4.3342776203966,12.2379603399433,0.261261261261261,20.2413793103448
"67",2021,"pre_trade","Mason Thompson",0.575,2.3,0,0,0.25,3.25,1,0.25,0,0.25,0,0.5,0,7.82608695652174,3.91304347826087,19.5652173913043,0.4,10.75
"68",2021,"pre_trade","Max Scherzer",5.76842105263158,219.2,1,0,0,22.5263157894737,3.73684210526316,1.78947368421053,0.947368421052632,1.47368421052632,0.421052631578947,0,0,12.0711678832117,2.2992700729927,8.12956204379562,0.233480176211454,94.0526315789474
"69",2021,"pre_trade","Mychal Givens",0.896774193548387,55.6,0,0,0.258064516129032,4,0.806451612903226,0.290322580645161,0.161290322580645,0.451612903225806,0.0645161290322581,0.0645161290322581,0,11.0071942446043,4.53237410071942,12.6258992805755,0.289855072463768,15.741935483871
"70",2021,"pre_trade","Phil Maton",0.971052631578948,73.8,0.0263157894736842,0,0.0789473684210526,4.68421052631579,0.947368421052632,0.552631578947368,0.105263157894737,0.526315789473684,0.0789473684210526,0,0,14.8780487804878,4.87804878048781,13.6585365853659,0.355555555555556,19.578947368421
"71",2021,"pre_trade","Rafael Montero",1.025,41,0,0.175,0.1,5.1,1.4,0.875,0.1,0.375,0.125,0.1,0,8.1219512195122,3.29268292682927,15.5853658536585,0.363636363636364,19.625
"72",2021,"pre_trade","Rich Hill",4.93157894736842,187.4,1,0,0,20.4736842105263,3.94736842105263,2.15789473684211,0.736842105263158,1.89473684210526,0.421052631578947,0.157894736842105,0.0526315789473684,8.74066168623266,3.45784418356457,10.6616862326574,0.254166666666667,76.2631578947368
"73",2021,"pre_trade","Ryan Tepera",0.872093023255814,37.5,0,0.0232558139534884,0.348837209302326,3.83720930232558,0.511627906976744,0.325581395348837,0.0697674418604651,0.27906976744186,0.0697674418604651,0.0232558139534884,0,12,2.88,8.16,0.195876288659794,15.046511627907
"74",2021,"pre_trade","Sam Selman",0.942857142857143,6.6,0,0,0,4.71428571428571,0.571428571428571,0.571428571428571,0.285714285714286,0.571428571428571,0.142857142857143,0,0,10.9090909090909,5.45454545454546,10.9090909090909,0.111111111111111,25.2857142857143
"75",2021,"pre_trade","Shawn Armstrong",0.825,33,0,0,0.05,5,1.4,0.95,0.25,0.5,0.05,0,0,12,5.45454545454545,20.7272727272727,0.370967741935484,20
"76",2021,"pre_trade","Spencer Howard",2.42727272727273,80.1,0.636363636363636,0,0,11.5454545454545,2.27272727272727,1.63636363636364,0.181818181818182,1.54545454545455,0.272727272727273,0.181818181818182,0,10.4494382022472,5.73033707865169,14.1573033707865,0.310810810810811,47.7272727272727
"77",2021,"pre_trade","Tommy Hunter",2,8,0.25,0,0,8.25,1,0,0,0.75,0.25,0.25,0,6.75,3.375,7.875,0.173913043478261,27.25
"78",2021,"pre_trade","Tony Watson",0.722222222222222,26,0,0,0.333333333333333,3.75,0.694444444444444,0.472222222222222,0.0833333333333333,0.388888888888889,0,0,0,8.65384615384615,4.84615384615385,13.5,0.236559139784946,14.6666666666667
"79",2021,"pre_trade","Trevor Williams",4.36923076923077,56.8,0.923076923076923,0,0,20.3076923076923,5.23076923076923,2.53846153846154,0.769230769230769,1.69230769230769,0.153846153846154,0,0,9.66549295774648,3.48591549295775,14.2605633802817,0.343195266272189,79.8461538461538
"80",2021,"pre_trade","Tyler Anderson",5.65,101.7,1,0,0,23.8888888888889,5.5,2.77777777777778,0.888888888888889,1.38888888888889,0.0555555555555556,0,0,7.61061946902655,2.21238938053097,10.9734513274336,0.274834437086093,87.7777777777778
"81",2022,"post_trade","Anthony Bass",0.775,21.7,0,0,0.25,3.64285714285714,0.678571428571429,0.178571428571429,0.178571428571429,0.357142857142857,0,0.0357142857142857,0,11.6129032258065,4.14746543778802,12.0276497695853,0.23728813559322,13.0714285714286
"82",2022,"post_trade","Anthony Misiewicz",0.913333333333333,13.7,0,0,0.0666666666666667,4.26666666666667,0.866666666666667,0.466666666666667,0.2,0.266666666666667,0,0.0666666666666667,0,12.4817518248175,2.62773722627737,11.1678832116788,0.263157894736842,15.4
"83",2022,"post_trade","Chris Martin",0.85,22.1,0,0.0769230769230769,0.115384615384615,3.53846153846154,0.461538461538462,0.153846153846154,0.0384615384615385,0.0384615384615385,0.0384615384615385,0.0384615384615385,0,13.8461538461538,0.407239819004525,5.29411764705882,0.2,13.1538461538462
"84",2022,"post_trade","Chris Stratton",0.9,36,0,0,0,4.9,1.1,0.35,0,0.6,0.05,0.05,0,11.5,6,17,0.354838709677419,18.75
"85",2022,"post_trade","David Robertson",1.01818181818182,44.8,0,0.272727272727273,0.136363636363636,4.5,0.727272727272727,0.318181818181818,0.0909090909090909,0.727272727272727,0,0.0909090909090909,0,12.0535714285714,6.42857142857143,12.8571428571429,0.274509803921569,18.5454545454545
"86",2022,"post_trade","Dinelson Lamet",1.01578947368421,19.3,0,0,0.157894736842105,4.57894736842105,0.736842105263158,0.473684210526316,0.105263157894737,0.526315789473684,0.157894736842105,0.157894736842105,0,13.5233160621762,4.66321243523316,11.1917098445596,0.27906976744186,18.2631578947368
"87",2022,"post_trade","Foster Griffin",2,2,0,0,0,8,1,0,0,1,0,0,0,9,4.5,9,0.2,27
"88",2022,"post_trade","Frankie Montas",4.8125,77,1,0,0,23.125,5.75,3.5,0.75,1.875,0.625,0.375,0,7.71428571428571,3.50649350649351,14.2597402597403,0.317460317460317,86.875
"89",2022,"post_trade","Garrett Cleavinger",1.34615384615385,17.5,0,0,0,5.23076923076923,0.615384615384615,0.384615384615385,0.0769230769230769,0.307692307692308,0,0,0,12.8571428571429,2.05714285714286,6.17142857142857,0.184210526315789,19.0769230769231
"90",2022,"post_trade","JP Sears",4.73,47.3,0.9,0,0,20.5,5.3,2.5,0.7,1.8,0.1,0,0,6.84989429175476,3.42494714587738,13.5095137420719,0.321678321678322,76.8
"91",2022,"post_trade","Jake Diekman",0.6,15.6,0,0,0.153846153846154,3.76923076923077,0.961538461538462,0.538461538461538,0.153846153846154,0.461538461538462,0.0769230769230769,0.0769230769230769,0,16.1538461538462,6.92307692307693,21.3461538461539,0.403846153846154,14.9230769230769
"92",2022,"post_trade","Jake Odorizzi",4.4,44,1,0,0,20.8,5.4,2.7,0.9,1.8,0.1,0,0,8.18181818181818,3.68181818181818,14.7272727272727,0.321428571428571,85
"93",2022,"post_trade","Jesse Chavez",0.884615384615385,23,0,0,0.115384615384615,4.15384615384615,1.03846153846154,0.615384615384615,0.153846153846154,0.307692307692308,0,0.0384615384615385,0,9.39130434782609,3.1304347826087,13.695652173913,0.319444444444444,18.4230769230769
"94",2022,"post_trade","JoJo Romero",0.846666666666667,12.7,0,0,0,3.8,0.6,0.4,0.133333333333333,0.6,0,0,0,11.3385826771654,6.37795275590551,12.755905511811,0.233333333333333,15.8
"95",2022,"post_trade","Johan Oviedo",4.31428571428571,30.2,1,0,0,19.1428571428571,3.28571428571429,1.57142857142857,0.142857142857143,2.28571428571429,0.285714285714286,0.142857142857143,0,8.34437086092715,4.7682119205298,11.6225165562914,0.252873563218391,76.8571428571429
"96",2022,"post_trade","Jordan Montgomery",5.68181818181818,125,1,0,0,23.1818181818182,5.09090909090909,2,0.545454545454545,1.18181818181818,0.0909090909090909,0.0909090909090909,0,8.784,1.872,9.936,0.28735632183908,91.0909090909091
"97",2022,"post_trade","Jose Quintana",5.06666666666667,60.8,1,0,0,20.5833333333333,4.5,1.16666666666667,0.0833333333333333,1.33333333333333,0.0833333333333333,0,0,7.10526315789474,2.36842105263158,10.3618421052632,0.292817679558011,82.8333333333333
"98",2022,"post_trade","Josh Hader",0.731578947368421,13.9,0,0.368421052631579,0,4.10526315789474,0.894736842105263,0.68421052631579,0.0526315789473684,0.473684210526316,0.157894736842105,0.157894736842105,0,14.2446043165468,5.8273381294964,16.8345323741007,0.372093023255814,17.5263157894737
"99",2022,"post_trade","Lou Trivino",0.652,16.3,0,0.04,0.08,3.72,0.72,0.16,0.04,0.4,0.08,0.04,0,12.1472392638037,5.52147239263804,15.4601226993865,0.293103448275862,14.28
"100",2022,"post_trade","Luis Castillo",5.79090909090909,63.7,1,0,0,24.1818181818182,5,2.09090909090909,0.545454545454545,1.54545454545455,0.363636363636364,0,0,10.8791208791209,2.40188383045526,10.1726844583987,0.302469135802469,97.7272727272727
"101",2022,"post_trade","Luke Weaver",1.31428571428571,18.4,0,0,0,6.78571428571429,2,0.857142857142857,0,0.571428571428571,0.142857142857143,0.142857142857143,0,9.29347826086957,3.91304347826087,17.6086956521739,0.424242424242424,27
"102",2022,"post_trade","Manny Banuelos",0.903225806451613,28,0,0,0.161290322580645,4.51612903225806,0.806451612903226,0.580645161290323,0.0645161290322581,0.580645161290323,0.0967741935483871,0,0,10.9285714285714,5.78571428571429,13.8214285714286,0.27710843373494,18.7741935483871
"103",2022,"post_trade","Matt Bush",0.836,20.9,0.04,0.08,0.36,3.72,0.64,0.44,0.24,0.32,0.04,0.04,0,12.488038277512,3.44497607655502,10.3349282296651,0.204081632653061,14.76
"104",2022,"post_trade","Max Castillo",3.64,18.2,0.8,0,0,17.8,4.6,3.8,0.8,2,0.4,0.2,0,8.40659340659341,4.94505494505495,16.3186813186813,0.339285714285714,72.6
"105",2022,"post_trade","Michael Fulmer",0.846153846153846,22,0,0.0384615384615385,0.269230769230769,4.11538461538461,1.15384615384615,0.384615384615385,0.115384615384615,0.307692307692308,0.0769230769230769,0.0769230769230769,0,9,3.27272727272727,15.5454545454545,0.375,15.6153846153846
"106",2022,"post_trade","Mitch White",4.09,40.9,0.8,0,0,20.3,5.9,3.7,0.3,1.6,0.1,0.1,0,6.82151589242054,3.52078239608802,16.5036674816626,0.368421052631579,77.5
"107",2022,"post_trade","Mychal Givens",0.952631578947368,36.2,0.0526315789473684,0,0.0526315789473684,4.63157894736842,1.26315789473684,0.578947368421053,0.157894736842105,0.31578947368421,0.105263157894737,0.0526315789473684,0,9.94475138121547,2.98342541436464,14.9171270718232,0.368421052631579,17.8947368421053
"108",2022,"post_trade","Noah Syndergaard",5.35,107,0.9,0,0,22.7,6.3,2.5,0.5,0.9,0,0.1,0,5.21495327102804,1.51401869158878,12.1121495327103,0.318681318681319,78.4
"109",2022,"post_trade","Raisel Iglesias",0.882142857142857,24.7,0,0.0357142857142857,0.535714285714286,3.57142857142857,0.607142857142857,0.0357142857142857,0,0.178571428571429,0.0357142857142857,0,0,10.9311740890688,1.82186234817814,8.01619433198381,0.265625,14.6785714285714
"110",2022,"post_trade","Scott Effross",0.884615384615385,11.5,0,0.230769230769231,0.230769230769231,3.92307692307692,0.692307692307692,0.230769230769231,0.0769230769230769,0.307692307692308,0.0769230769230769,0,0,9.39130434782609,3.1304347826087,10.1739130434783,0.242424242424242,14.8461538461538
"111",2022,"post_trade","Taylor Rogers",0.841666666666667,20.2,0,0.125,0.166666666666667,4.16666666666667,0.833333333333333,0.583333333333333,0.25,0.416666666666667,0.125,0.0416666666666667,0,16.039603960396,4.45544554455446,13.3663366336634,0.311111111111111,16.4583333333333
"112",2022,"post_trade","Thomas Szapucki",1.25,12.5,0,0,0.1,5.4,1.2,0.3,0.2,0.4,0,0.1,0,11.52,2.88,11.52,0.3125,24.2
"113",2022,"post_trade","Tucker Davidson",4.525,72.4,1,0,0,21.125,4.875,3.5,0.875,2.75,0.25,0.125,0,5.7182320441989,5.46961325966851,15.1657458563536,0.278260869565217,79
"114",2022,"post_trade","Tyler Mahle",4.025,16.1,1,0,0,15.75,3.25,2,1,1,0,0,0,6.70807453416149,2.2360248447205,9.50310559006211,0.209302325581395,62.75
"115",2022,"post_trade","Will Smith",0.829166666666667,19.9,0,0,0.25,3.75,0.958333333333333,0.333333333333333,0.0833333333333333,0.166666666666667,0,0,0.0416666666666667,10.8542713567839,1.80904522613065,12.2110552763819,0.35,13.75
"116",2022,"post_trade","Yennier Cano",1.13333333333333,3.4,0,0,0,9,3,3,0,1.66666666666667,0,0,0,18.5294117647059,13.2352941176471,37.0588235294118,0.6,37.3333333333333
"117",2022,"post_trade","Zach Pop",0.994117647058824,16.9,0,0,0.117647058823529,4.35294117647059,1.05882352941176,0.235294117647059,0.0588235294117647,0.117647058823529,0.0588235294117647,0,0,5.85798816568047,1.06508875739645,10.6508875739645,0.288135593220339,15.4117647058824
"118",2022,"pre_trade","Anthony Bass",0.888888888888889,40,0,0,0.355555555555556,3.84444444444444,0.711111111111111,0.155555555555556,0.0222222222222222,0.222222222222222,0,0.0222222222222222,0,10.125,2.25,9.45,0.264957264957265,13.7777777777778
"119",2022,"pre_trade","Anthony Misiewicz",0.611764705882353,10.4,0,0,0.176470588235294,3.35294117647059,0.823529411764706,0.411764705882353,0.0588235294117647,0.352941176470588,0,0,0,6.92307692307692,5.19230769230769,17.3076923076923,0.30952380952381,13.7647058823529
"120",2022,"pre_trade","Chris Martin",0.832352941176471,28.3,0,0,0.176470588235294,3.91176470588235,1.11764705882353,0.441176470588235,0.147058823529412,0.117647058823529,0,0.176470588235294,0.0294117647058824,12.7208480565371,1.27208480565371,13.356890459364,0.392857142857143,15.1764705882353
"121",2022,"pre_trade","Chris Stratton",0.865,69.2,0.025,0.05,0.2,4.525,1.25,0.575,0.1,0.325,0.025,0.075,0,9.62427745664739,3.38150289017341,16.3872832369942,0.365079365079365,18.125
"122",2022,"pre_trade","David Robertson",1.075,77.4,0,0.388888888888889,0,4.58333333333333,0.638888888888889,0.277777777777778,0.111111111111111,0.527777777777778,0.0833333333333333,0.0555555555555556,0,11.8604651162791,4.41860465116279,9.76744186046512,0.215909090909091,18.1111111111111
"123",2022,"pre_trade","Dinelson Lamet",0.715384615384615,9.3,0,0,0.0769230769230769,4.76923076923077,1.23076923076923,1,0.153846153846154,0.692307692307692,0.0769230769230769,0.230769230769231,0,15.4838709677419,8.70967741935484,24.1935483870968,0.411764705882353,18.1538461538462
"124",2022,"pre_trade","Foster Griffin",0.68,3.4,0,0,0,4.8,1.2,1.2,0,0.8,0.2,0,0,5.29411764705882,10.5882352941176,26.4705882352941,0.352941176470588,16.8
"125",2022,"pre_trade","Frankie Montas",5.44736842105263,207,1,0,0,22.2631578947368,4.78947368421053,1.94736842105263,0.631578947368421,1.47368421052632,0.0526315789473684,0.210526315789474,0,9.47826086956522,2.43478260869565,10.3478260869565,0.289377289377289,85.8947368421053
"126",2022,"pre_trade","Garrett Cleavinger",0.85,3.4,0,0,0,6,1.5,1.25,0.25,0.75,0.25,0,0,18.5294117647059,7.94117647058823,23.8235294117647,0.416666666666667,24.75
"127",2022,"pre_trade","Ian Hamilton",2.2,2.2,0,0,0,11,3,2,1,1,0,0,0,0,4.09090909090909,16.3636363636364,0.222222222222222,42
"128",2022,"pre_trade","JP Sears",2.94285714285714,20.6,0.285714285714286,0,0,11.8571428571429,2,0.714285714285714,0.142857142857143,0.714285714285714,0.142857142857143,0,0,6.55339805825243,2.18446601941748,8.30097087378641,0.213114754098361,44.4285714285714
"129",2022,"pre_trade","Jake Diekman",0.722727272727273,31.8,0,0.0227272727272727,0.272727272727273,3.88636363636364,0.613636363636364,0.409090909090909,0.113636363636364,0.681818181818182,0.136363636363636,0.113636363636364,0,14.4339622641509,8.49056603773585,16.1320754716981,0.278481012658228,17.8181818181818
"130",2022,"pre_trade","Jake Odorizzi",4.88333333333333,58.6,1,0,0,20.4166666666667,4.33333333333333,2.08333333333333,0.416666666666667,1.41666666666667,0.166666666666667,0.166666666666667,0,7.06484641638225,2.61092150170648,10.5972696245734,0.268571428571429,79
"131",2022,"pre_trade","Jeremy Beasley",1.58888888888889,14.3,0,0,0,7.11111111111111,1.55555555555556,0.888888888888889,0.444444444444444,0.555555555555556,0.222222222222222,0,0,11.958041958042,3.14685314685315,11.958041958042,0.294117647058824,30.1111111111111
"132",2022,"pre_trade","Jesse Chavez",1.15,39.1,0.0294117647058824,0,0.205882352941176,5.41176470588235,1.29411764705882,0.382352941176471,0.117647058823529,0.352941176470588,0.0294117647058824,0.0294117647058824,0.0294117647058824,11.5089514066496,2.76214833759591,12.8900255754476,0.341880341880342,21.2647058823529
"133",2022,"pre_trade","JoJo Romero",1,2,0,0,0,5,2,1.5,0.5,0.5,0,0,0,4.5,4.5,22.5,0.428571428571429,17
"134",2022,"pre_trade","Johan Oviedo",1.54285714285714,21.6,0.0714285714285714,0,0,7.71428571428571,1.85714285714286,0.642857142857143,0.285714285714286,0.5,0.0714285714285714,0.0714285714285714,0.0714285714285714,10.8333333333333,2.91666666666667,13.75,0.314285714285714,31.5714285714286
"135",2022,"pre_trade","Jordan Montgomery",5.33809523809524,224.2,1,0,0,22.3333333333333,4.9047619047619,2.23809523809524,0.714285714285714,1.0952380952381,0.333333333333333,0.142857142857143,0,7.78768956289028,1.84656556645852,10.1159678858162,0.269113149847095,81.5714285714286
"136",2022,"pre_trade","Jose Quintana",5.01,100.2,1,0,0,21.6,5,2,0.35,1.55,0.1,0.05,0,7.9940119760479,2.78443113772455,11.7664670658683,0.306930693069307,86.5
"137",2022,"pre_trade","Josh Hader",0.9,33.3,0,0.783783783783784,0,3.81081081081081,0.702702702702703,0.432432432432432,0.189189189189189,0.324324324324324,0.027027027027027,0.0540540540540541,0,15.9459459459459,3.24324324324324,10.2702702702703,0.306451612903226,16.4864864864865
"138",2022,"pre_trade","Lou Trivino",0.694871794871795,27.1,0,0.256410256410256,0.0512820512820513,4.02564102564103,1.17948717948718,0.58974358974359,0.128205128205128,0.358974358974359,0.0512820512820513,0.0512820512820513,0,14.9446494464945,4.64944649446494,19.9261992619926,0.450549450549451,15.3333333333333
"139",2022,"pre_trade","Luis Castillo",6.02142857142857,84.3,1,0,0,24.9285714285714,4.5,1.92857142857143,0.5,2,0.285714285714286,0,0.0714285714285714,9.6085409252669,2.98932384341637,9.7153024911032,0.254545454545455,102.214285714286
"140",2022,"pre_trade","Luke Weaver",1.28333333333333,15.4,0.0833333333333333,0,0,6.58333333333333,2,1.16666666666667,0.0833333333333333,0.416666666666667,0.0833333333333333,0,0,11.1038961038961,2.92207792207792,16.9480519480519,0.433962264150943,28.5833333333333
"141",2022,"pre_trade","MacKenzie Gore",4.24375,67.9,0.8125,0,0.0625,19.3125,4.125,2.1875,0.4375,2.3125,0.25,0.375,0,9.54344624447717,4.90427098674521,13.6524300441826,0.312169312169312,78.625
"142",2022,"pre_trade","Manny Banuelos",2.025,8.1,0,0.25,0,8.75,1.75,0.5,0,0.75,0,0,0,8.88888888888889,3.33333333333333,11.1111111111111,0.291666666666667,34
"143",2022,"pre_trade","Matt Bush",0.87,34.8,0.125,0.025,0.225,3.775,0.675,0.3,0.125,0.25,0.05,0.075,0,11.6379310344828,2.58620689655172,9.56896551724138,0.247191011235955,13.5
"144",2022,"pre_trade","Max Castillo",2.24444444444444,20.2,0.222222222222222,0,0,9,1.66666666666667,0.777777777777778,0.444444444444444,0.555555555555556,0,0.111111111111111,0,8.91089108910891,2.22772277227723,8.91089108910891,0.211538461538462,37.1111111111111
"145",2022,"pre_trade","Michael Fulmer",0.868292682926829,35.6,0,0.048780487804878,0.439024390243902,4.1219512195122,0.707317073170732,0.341463414634146,0.024390243902439,0.48780487804878,0.0731707317073171,0.024390243902439,0,9.85955056179775,5.0561797752809,12.3876404494382,0.264150943396226,15.5365853658537
"146",2022,"pre_trade","Mitch White",3.59333333333333,53.9,0.666666666666667,0,0,15.8,3.4,1.53333333333333,0.4,1.26666666666667,0.133333333333333,0.266666666666667,0,7.84786641929499,3.17254174397032,11.6883116883117,0.276073619631902,62.6666666666667
"147",2022,"pre_trade","Mychal Givens",0.9175,73.4,0,0.05,0.15,4.3,0.8,0.3,0.125,0.475,0.075,0.025,0,12.5068119891008,4.65940054495913,12.5068119891008,0.287234042553192,17.15
"148",2022,"pre_trade","Noah Syndergaard",5.14666666666667,154.4,1,0,0,22.5333333333333,5,2.26666666666667,0.6,1.46666666666667,0.266666666666667,0,0,7.46113989637306,2.56476683937824,11.3082901554404,0.276150627615063,82.8
"149",2022,"pre_trade","Phillip Diehl",0.9,4.5,0,0,0,5.6,1.6,1.4,0.6,0.6,0,0.2,0,6,6,22,0.263157894736842,24
"150",2022,"pre_trade","Raisel Iglesias",0.830769230769231,32.4,0,0.41025641025641,0,3.74358974358974,0.743589743589744,0.41025641025641,0.128205128205128,0.230769230769231,0.0512820512820513,0.0769230769230769,0,13.3333333333333,2.5,10.5555555555556,0.292682926829268,14.5641025641026
"151",2022,"pre_trade","Scott Effross",0.772340425531915,36.3,0.0212765957446809,0.0212765957446809,0.276595744680851,3.78723404255319,0.765957446808511,0.276595744680851,0.0425531914893617,0.234042553191489,0,0,0.0212765957446809,12.396694214876,2.72727272727273,11.6528925619835,0.295652173913043,13.2340425531915
"152",2022,"pre_trade","Taylor Rogers",0.911904761904762,38.3,0,0.666666666666667,0,4.14285714285714,0.880952380952381,0.476190476190476,0.0238095238095238,0.214285714285714,0.19047619047619,0,0,11.2793733681462,2.11488250652741,10.8093994778068,0.333333333333333,16.4285714285714
"153",2022,"pre_trade","Thomas Szapucki",1.1,1.1,1,0,0,13,7,9,4,3,0,0,0,16.3636363636364,24.5454545454545,81.8181818181818,0.75,49
"154",2022,"pre_trade","Tucker Davidson",3.6,28.8,0.75,0,0,18.5,3.75,2.75,0,3.25,0.25,0,0,6.25,8.125,17.5,0.3,70
"155",2022,"pre_trade","Tyler Mahle",5.36842105263158,102,1,0,0,23.1578947368421,4.78947368421053,2.68421052631579,0.631578947368421,2.05263157894737,0.105263157894737,0.157894736842105,0.0526315789473684,10.0588235294118,3.44117647058824,11.4705882352941,0.289377289377289,97.3684210526316
"156",2022,"pre_trade","Will Smith",0.851219512195122,34.9,0,0.121951219512195,0.24390243902439,4.17073170731707,0.853658536585366,0.439024390243902,0.170731707317073,0.51219512195122,0.048780487804878,0.048780487804878,0.048780487804878,10.5730659025788,5.41547277936963,14.4412607449857,0.28,15.9756097560976
"157",2022,"pre_trade","Yennier Cano",1.25,12.5,0,0,0,7,1.7,1.4,0.3,1.1,0.1,0.2,0,10.08,7.92,20.16,0.341463414634146,28.2
"158",2022,"pre_trade","Zach Pop",0.955555555555556,17.2,0,0,0.0555555555555556,4.61111111111111,1.27777777777778,0.444444444444444,0.0555555555555556,0.111111111111111,0.0555555555555556,0.0555555555555556,0,7.32558139534884,1.04651162790698,13.0813953488372,0.338461538461538,15.2222222222222
"159",2023,"post_trade","Aaron Civale",4.44,44.4,1,0,0,19.8,5.1,2.7,0.7,1.1,0.3,0.1,0,11.7567567567568,2.22972972972973,12.5675675675676,0.369747899159664,82.6
"160",2023,"post_trade","Adam Kolarek",1.05,4.2,0,0,0,4.25,0.25,0,0,0.25,0.25,0,0,10.7142857142857,2.14285714285714,4.28571428571429,0.1,16
"161",2023,"post_trade","Andrew Chafin",0.745,44.7,0,0,0.1,3.7,0.7,0.55,0.15,0.5,0.05,0.05,0,8.45637583892617,6.04026845637584,14.496644295302,0.239130434782609,15.15
"162",2023,"post_trade","Bailey Falter",3.87,38.7,0.7,0,0,17.2,4.4,2.5,1,1.2,0,0,0,7.44186046511628,2.79069767441861,13.0232558139535,0.288135593220339,63.5
"163",2023,"post_trade","Brad Hand",0.795,31.8,0,0.05,0.1,3.95,0.95,0.75,0.1,0.3,0.1,0,0,10.188679245283,3.39622641509434,14.1509433962264,0.333333333333333,15.8
"164",2023,"post_trade","Chris Flexen",4.89166666666667,58.7,1,0,0,22.5,6.16666666666667,3.5,1.16666666666667,1.58333333333333,0.333333333333333,0.333333333333333,0,6.89948892674617,2.91311754684838,14.2589437819421,0.319148936170213,85.5833333333333
"165",2023,"post_trade","Chris Stratton",1.09545454545455,48.2,0,0,0.136363636363636,5.31818181818182,1.09090909090909,0.5,0.181818181818182,0.363636363636364,0.0454545454545455,0.0454545454545455,0,8.21576763485477,2.98755186721992,11.9502074688797,0.24390243902439,21.8181818181818
"166",2023,"post_trade","David Robertson",0.927272727272727,40.8,0,0.181818181818182,0.136363636363636,4.40909090909091,1,0.545454545454545,0.0909090909090909,0.545454545454545,0.0454545454545455,0.0454545454545455,0,13.2352941176471,5.29411764705882,15,0.384615384615385,17.5
"167",2023,"post_trade","Dominic Leone",1.05,21,0,0.05,0.05,5.4,1.1,0.65,0.35,0.85,0.05,0.1,0,9,7.28571428571429,16.7142857142857,0.241935483870968,21.25
"168",2023,"post_trade","Dylan Floro",0.821052631578947,31.2,0,0,0,4.05263157894737,1.15789473684211,0.526315789473684,0.0526315789473684,0.31578947368421,0.105263157894737,0,0,9.80769230769231,3.46153846153846,16.1538461538462,0.411764705882353,15.8421052631579
"169",2023,"post_trade","Eduard Bazardo",1.46666666666667,13.2,0,0,0,6,1,0.444444444444444,0.222222222222222,0.444444444444444,0,0,0,9.54545454545454,2.72727272727273,8.86363636363636,0.205882352941176,23.1111111111111
"170",2023,"post_trade","Genesis Cabrera",0.655172413793103,19,0,0,0.206896551724138,3.31034482758621,0.586206896551724,0.241379310344828,0.0689655172413793,0.206896551724138,0.0689655172413793,0.0344827586206897,0,9.47368421052632,2.8421052631579,10.8947368421053,0.227272727272727,12.5862068965517
"171",2023,"post_trade","Jack Flaherty",3.72222222222222,67,0.777777777777778,0,0.111111111111111,18.3333333333333,5.11111111111111,2.88888888888889,0.777777777777778,1.33333333333333,0.444444444444444,0.222222222222222,0,11.2835820895522,3.22388059701493,15.5820895522388,0.39,75.1111111111111
"172",2023,"post_trade","Joe Kelly",0.854545454545455,9.4,0,0,0.181818181818182,3.63636363636364,0.272727272727273,0.181818181818182,0,0.545454545454545,0,0.181818181818182,0,18.1914893617021,5.74468085106383,8.61702127659575,0.2,15.3636363636364
"173",2023,"post_trade","John King",0.77,15.4,0,0,0.5,3.8,0.95,0.15,0.05,0.3,0,0,0,5.84415584415585,3.50649350649351,14.6103896103896,0.305084745762712,13.05
"174",2023,"post_trade","Jordan Hicks",0.904,22.6,0,0.16,0.28,3.84,0.72,0.28,0.08,0.32,0.04,0.04,0,8.76106194690265,3.1858407079646,10.353982300885,0.253968253968254,14.28
"175",2023,"post_trade","Jordan Montgomery",6.04545454545455,133,1,0,0,24.3636363636364,5.54545454545455,1.90909090909091,0.545454545454545,1.18181818181818,0,0.272727272727273,0,7.84962406015038,1.7593984962406,10.015037593985,0.287958115183246,90.3636363636364
"176",2023,"post_trade","Jorge Lopez",0.7625,18.3,0,0,0.166666666666667,4.625,1.375,0.791666666666667,0.208333333333333,0.458333333333333,0,0.125,0,10.8196721311475,5.40983606557377,21.6393442622951,0.383561643835616,17.75
"177",2023,"post_trade","Justin Bruihl",0.357142857142857,2.5,0,0,0,2.71428571428571,0.571428571428571,0.857142857142857,0,0.428571428571429,0.142857142857143,0,0,10.8,10.8,25.2,0.333333333333333,11
"178",2023,"post_trade","Justin Verlander",6.18181818181818,68,1,0,0,25.7272727272727,5.63636363636364,2.27272727272727,0.818181818181818,1.27272727272727,0.363636363636364,0.181818181818182,0,8.33823529411765,1.85294117647059,10.0588235294118,0.274611398963731,94.7272727272727
"179",2023,"post_trade","Kendall Graveman",0.869565217391304,40,0,0,0.217391304347826,4.17391304347826,0.782608695652174,0.260869565217391,0.130434782608696,0.695652173913043,0,0.0434782608695652,0.0434782608695652,10.8,7.2,15.3,0.283018867924528,16.9130434782609
"180",2023,"post_trade","Keynan Middleton",1.11666666666667,13.4,0,0,0,4.66666666666667,0.583333333333333,0.25,0.0833333333333333,0.583333333333333,0,0.0833333333333333,0,11.4179104477612,4.70149253731343,9.40298507462687,0.193548387096774,18.4166666666667
"181",2023,"post_trade","Lance Lynn",5.75454545454545,63.3,1,0,0,24.8181818181818,5.36363636363636,2.81818181818182,1.45454545454545,2,0.181818181818182,0,0,6.6824644549763,3.12796208530806,11.5165876777251,0.231182795698925,95.1818181818182
"182",2023,"post_trade","Lucas Giolito",5.14166666666667,61.7,1,0,0,23.9166666666667,5.25,4.08333333333333,1.75,2.58333333333333,0.25,0.25,0,10.6482982171799,4.52188006482982,13.7115072933549,0.264150943396226,96.25
"183",2023,"post_trade","Luis Patino",2.45714285714286,17.2,0.142857142857143,0,0,11.4285714285714,2.28571428571429,1,0.142857142857143,1.71428571428571,0,0.285714285714286,0,6.80232558139535,6.27906976744186,14.6511627906977,0.277777777777778,43.8571428571429
"184",2023,"post_trade","Mauricio Llovera",1.084,27.1,0,0,0,5.56,1.28,0.72,0.08,0.52,0.16,0,0,7.97047970479705,4.31734317343173,14.9446494464945,0.3125,21.96
"185",2023,"post_trade","Max Scherzer",5.5375,88.6,1,0,0,22.125,3.5,2,0.625,1.875,0.125,0.125,0,10.7674943566591,3.04740406320542,8.73589164785553,0.223300970873786,89.625
"186",2023,"post_trade","Michael Lorenzen",4.21818181818182,92.8,0.636363636363636,0.0909090909090909,0,18.7272727272727,4.45454545454545,2.63636363636364,0.818181818181818,1.81818181818182,0,0,0,5.43103448275862,3.87931034482759,13.3836206896552,0.268456375838926,70.3636363636364
"187",2023,"post_trade","Nick Robertson",1.33333333333333,12,0.111111111111111,0,0,6.22222222222222,1.44444444444444,0.888888888888889,0.222222222222222,0.555555555555556,0,0,0,9.75,3.75,13.5,0.305555555555556,22
"188",2023,"post_trade","Noah Syndergaard",5.4,64.8,1,0,0,24.1666666666667,5.5,3.33333333333333,1.66666666666667,1.66666666666667,0.666666666666667,0,0,5,2.77777777777778,11.9444444444444,0.223300970873786,87.3333333333333
"189",2023,"post_trade","Paul Sewald",0.825,16.5,0,0.65,0,4,0.8,0.35,0.15,0.5,0.05,0,0,10.9090909090909,5.45454545454546,14.1818181818182,0.282608695652174,17.25
"190",2023,"post_trade","Peter Strzelecki",1.1,1.1,0,0,0,7,1,0,0,2,0,0,0,0,16.3636363636364,24.5454545454545,0.2,34
"191",2023,"post_trade","Phil Bickford",0.92,23,0,0.04,0.04,4.56,0.84,0.52,0.12,0.52,0.16,0.04,0,10.9565217391304,5.08695652173913,13.304347826087,0.272727272727273,18.04
"192",2023,"post_trade","Pierce Johnson",0.85,20.4,0,0,0.333333333333333,3.70833333333333,0.666666666666667,0.0833333333333333,0.125,0.208333333333333,0,0.0416666666666667,0,14.1176470588235,2.20588235294118,9.26470588235294,0.26530612244898,14.25
"193",2023,"post_trade","Reynaldo Lopez",0.876,21.9,0,0.08,0.48,4,0.68,0.16,0.04,0.48,0.04,0.08,0,12.7397260273973,4.93150684931507,11.9178082191781,0.290909090909091,16.6
"194",2023,"post_trade","Rich Hill",2.64,52.8,0.5,0,0,13,3.6,2.5,0.8,1.1,0.3,0.1,0,8.52272727272727,3.75,16.0227272727273,0.337349397590361,48.7
"195",2023,"post_trade","Ryan Weathers",4.1,12.3,0.666666666666667,0,0,20.3333333333333,4.33333333333333,3.66666666666667,1,4,0,0,0,10.2439024390244,8.78048780487805,18.2926829268293,0.3125,92.3333333333333
"196",2023,"post_trade","Ryan Yarbrough",3.40909090909091,75,0.181818181818182,0.181818181818182,0,15,4,1.90909090909091,0.727272727272727,0.454545454545455,0.181818181818182,0,0,9.12,1.2,11.76,0.321428571428571,58.2727272727273
"197",2023,"post_trade","Sam Moll",0.856,21.4,0,0,0.08,3.92,0.52,0.08,0.04,0.44,0,0,0,9.25233644859813,4.62616822429906,10.0934579439252,0.1875,14.84
"198",2023,"post_trade","Scott Barlow",1.052,26.3,0,0,0.28,4.92,0.92,0.4,0.04,0.48,0.16,0,0,10.9505703422053,4.106463878327,11.9771863117871,0.297297297297297,19.8
"199",2023,"post_trade","Shintaro Fujinami",0.856666666666667,25.7,0,0.0666666666666667,0.0666666666666667,4.2,0.7,0.533333333333333,0.1,0.5,0.0666666666666667,0.133333333333333,0,11.2062256809339,5.25291828793774,12.6070038910506,0.243243243243243,16.9666666666667
"200",2023,"post_trade","Taylor Hearn",0.733333333333333,6.6,0,0,0.111111111111111,4.66666666666667,1.55555555555556,1.22222222222222,0.333333333333333,0.444444444444444,0,0.111111111111111,0,10.9090909090909,5.45454545454546,24.5454545454545,0.407407407407407,19.4444444444444
"201",2023,"post_trade","Trent Thornton",1.03913043478261,23.9,0.0434782608695652,0,0.0869565217391304,4.47826086956522,1,0.260869565217391,0.217391304347826,0.217391304347826,0,0,0,7.90794979079498,1.88284518828452,10.5439330543933,0.25,16.3913043478261
"202",2023,"post_trade","Trevor Gott",0.791176470588235,26.9,0,0.0294117647058824,0.0882352941176471,3.88235294117647,0.88235294117647,0.411764705882353,0.0588235294117647,0.323529411764706,0.0588235294117647,0,0,10.0371747211896,3.68029739776952,13.7174721189591,0.32183908045977,14.7941176470588
"203",2023,"post_trade","Tucker Davidson",0.82,32.8,0.05,0,0.1,4.4,1,0.55,0.2,0.4,0.05,0.05,0,8.23170731707317,4.39024390243902,15.3658536585366,0.266666666666667,14.75
"204",2023,"pre_trade","Aaron Civale",5.76153846153846,74.9,1,0,0,23.5384615384615,4.46153846153846,1.53846153846154,0.384615384615385,1.69230769230769,0.153846153846154,0.307692307692308,0,6.96929238985314,2.64352469959947,9.6128170894526,0.242009132420091,91.0769230769231
"205",2023,"pre_trade","Adam Kolarek",1.1,1.1,0,0,0,5,1,0,0,0,0,0,0,16.3636363636364,0,8.18181818181818,0.333333333333333,19
"206",2023,"pre_trade","Andrew Chafin",0.630232558139535,81.3,0,0.186046511627907,0.27906976744186,3.48837209302326,0.72093023255814,0.372093023255814,0.0697674418604651,0.418604651162791,0,0.0232558139534884,0,16.2730627306273,5.97785977859778,16.2730627306273,0.35,14.3953488372093
"207",2023,"pre_trade","Bailey Falter",4.8375,38.7,0.875,0,0,21.875,6.25,2.875,0.875,1,0,0,0,6.51162790697674,1.86046511627907,13.4883720930233,0.325757575757576,82.75
"208",2023,"pre_trade","Brad Hand",0.775,62,0,0,0.075,3.925,0.875,0.45,0.1,0.4,0.075,0.075,0,11.9032258064516,4.64516129032258,14.8064516129032,0.333333333333333,16.425
"209",2023,"pre_trade","Chris Flexen",2.42941176470588,41.3,0.235294117647059,0,0,11.5294117647059,3.47058823529412,2.11764705882353,0.647058823529412,1.11764705882353,0,0.117647058823529,0,6.31961259079903,4.14043583535109,16.997578692494,0.35036496350365,42.8235294117647
"210",2023,"pre_trade","Chris Stratton",1.1,92.4,0,0.0238095238095238,0.0952380952380952,5.26190476190476,1.07142857142857,0.595238095238095,0.0952380952380952,0.404761904761905,0.0238095238095238,0.0952380952380952,0,11.4935064935065,3.31168831168831,12.0779220779221,0.292857142857143,20.952380952381
"211",2023,"pre_trade","David Robertson",1.03,82.4,0,0.35,0.175,4.3,0.775,0.25,0.125,0.325,0.05,0.1,0,10.4854368932039,2.83980582524272,9.61165048543689,0.25,17.1
"212",2023,"pre_trade","Dominic Leone",0.861290322580645,26.7,0,0,0.0645161290322581,4.09677419354839,0.870967741935484,0.483870967741935,0.225806451612903,0.354838709677419,0.032258064516129,0.0645161290322581,0,11.123595505618,3.70786516853933,12.8089887640449,0.266666666666667,14.9354838709677
"213",2023,"pre_trade","Dylan Floro",0.813953488372093,70,0,0.162790697674419,0.209302325581395,3.97674418604651,1.11627906976744,0.465116279069767,0.0465116279069767,0.255813953488372,0.0232558139534884,0.0232558139534884,0,10.5428571428571,2.82857142857143,15.1714285714286,0.396551724137931,15.3720930232558
"214",2023,"pre_trade","Eduard Bazardo",0.7,2.1,0,0,0,4.33333333333333,2,1.33333333333333,0,0,0,0,0,4.28571428571429,0,25.7142857142857,0.5,20.6666666666667
"215",2023,"pre_trade","Genesis Cabrera",0.759375,24.3,0,0,0.125,4.46875,1,0.5625,0.1875,0.5625,0,0,0.03125,14.0740740740741,6.66666666666667,18.5185185185185,0.320987654320988,18.3125
"216",2023,"pre_trade","Jack Flaherty",5.355,214.2,1,0,0,24.25,5.8,2.7,0.5,2.7,0.4,0.3,0,8.90756302521009,4.53781512605042,14.2857142857143,0.345276872964169,97.95
"217",2023,"pre_trade","Jackson Wolf",5,5,1,0,0,22,6,3,0,1,0,0,0,1.8,1.8,12.6,0.3,76
"218",2023,"pre_trade","Joe Kelly",0.867741935483871,26.9,0,0.032258064516129,0.354838709677419,4.12903225806452,0.838709677419355,0.516129032258065,0.0967741935483871,0.387096774193548,0.0645161290322581,0.129032258064516,0.0645161290322581,13.7174721189591,4.01486988847584,12.7137546468401,0.328571428571429,17.6129032258065
"219",2023,"pre_trade","John King",1.12,16.8,0,0,0.133333333333333,5.4,1.73333333333333,0.8,0.0666666666666667,0.266666666666667,0,0,0,5.35714285714286,2.14285714285714,16.0714285714286,0.378787878787879,17.8666666666667
"220",2023,"pre_trade","Jordan Hicks",0.9425,37.7,0,0.2,0.15,4.725,0.975,0.425,0.05,0.6,0.075,0.175,0,14.0848806366048,5.72944297082228,15.0397877984085,0.366336633663366,19.075
"221",2023,"pre_trade","Jordan Montgomery",5.62857142857143,236.4,1,0,0,24.2380952380952,5.52380952380952,2.19047619047619,0.571428571428571,1.66666666666667,0.19047619047619,0.142857142857143,0,8.22335025380711,2.66497461928934,11.497461928934,0.297142857142857,91.8571428571429
"222",2023,"pre_trade","Jorge Lopez",0.910810810810811,33.7,0,0.0810810810810811,0.162162162162162,4.18918918918919,0.918918918918919,0.540540540540541,0.189189189189189,0.297297297297297,0.216216216216216,0.0540540540540541,0,7.2106824925816,2.93768545994065,12.0178041543027,0.264705882352941,14.6486486486486
"223",2023,"pre_trade","Justin Bruihl",1.17,23.4,0,0,0.05,5.1,1.2,0.55,0.1,0.4,0.1,0.1,0,7.30769230769231,3.07692307692308,12.3076923076923,0.309859154929577,18.1
"224",2023,"pre_trade","Justin Verlander",5.88125,94.1,1,0,0,24.125,4.8125,2.0625,0.5625,1.9375,0.0625,0.1875,0,7.7470775770457,2.96493092454835,10.3294367693943,0.257575757575758,97.6875
"225",2023,"pre_trade","Kendall Graveman",0.931111111111111,83.8,0,0.177777777777778,0.177777777777778,4.13333333333333,0.733333333333333,0.377777777777778,0.133333333333333,0.444444444444444,0.111111111111111,0.0444444444444444,0,9.02147971360382,4.29594272076372,11.3842482100239,0.238938053097345,16.1555555555556
"226",2023,"pre_trade","Keynan Middleton",0.853846153846154,33.3,0,0.0512820512820513,0.128205128205128,4,0.846153846153846,0.41025641025641,0.17948717948718,0.41025641025641,0.0256410256410256,0.0256410256410256,0,12.7027027027027,4.32432432432432,13.2432432432432,0.305882352941176,16.3333333333333
"227",2023,"pre_trade","Lance Lynn",5.54285714285714,116.4,1,0,0,25.4761904761905,6.19047619047619,4.0952380952381,1.33333333333333,2.14285714285714,0.333333333333333,0.142857142857143,0,11.1340206185567,3.47938144329897,13.5309278350515,0.327974276527331,101.095238095238
"228",2023,"pre_trade","Lucas Giolito",5.6952380952381,119.6,1,0,0,24.1428571428571,5.04761904761905,2.42857142857143,0.952380952380952,2,0.285714285714286,0.0952380952380952,0,9.85785953177257,3.16053511705686,11.1371237458194,0.279220779220779,97.3333333333333
"229",2023,"pre_trade","Luis Patino",2,4,0,0,0,9.5,2.5,2,1,1,0,0,0,11.25,4.5,15.75,0.3,39
"230",2023,"pre_trade","Mauricio Llovera",0.88,4.4,0,0,0,4.2,0.8,0.2,0.2,0.4,0,0.2,0,10.2272727272727,4.09090909090909,12.2727272727273,0.230769230769231,14.4
"231",2023,"pre_trade","Max Scherzer",5.60526315789474,213,1,0,0,23.3684210526316,5.1578947368421,2.52631578947368,1.21052631578947,1.57894736842105,0.157894736842105,0.0526315789473684,0,10.2253521126761,2.53521126760563,10.8169014084507,0.280898876404494,92.2105263157895
"232",2023,"pre_trade","Michael Lorenzen",5.76666666666667,207.6,1,0,0,23.2222222222222,4.94444444444444,2.33333333333333,0.611111111111111,1.5,0.111111111111111,0.222222222222222,0.0555555555555556,7.19653179190751,2.34104046242775,10.0578034682081,0.264406779661017,88.6111111111111
"233",2023,"pre_trade","Nick Robertson",1.04444444444444,9.4,0,0,0.111111111111111,5.55555555555556,1.88888888888889,0.777777777777778,0.111111111111111,0.444444444444444,0,0,0,12.4468085106383,3.82978723404255,20.1063829787234,0.5,21.5555555555556
"234",2023,"pre_trade","Noah Syndergaard",4.59166666666667,110.2,1,0,0,20.5,5.91666666666667,3.66666666666667,1,0.75,0.5,0,0,6.20689655172414,1.47005444646098,13.0671506352087,0.325966850828729,73.75
"235",2023,"pre_trade","Paul Sewald",0.908888888888889,40.9,0,0.466666666666667,0,3.75555555555556,0.666666666666667,0.311111111111111,0.111111111111111,0.311111111111111,0,0.0222222222222222,0,13.2029339853301,3.08068459657702,9.68215158924205,0.277777777777778,15.4
"236",2023,"pre_trade","Peter Strzelecki",0.880555555555556,31.7,0,0,0.388888888888889,4.33333333333333,0.888888888888889,0.5,0.0833333333333333,0.277777777777778,0.222222222222222,0,0,10.5047318611987,2.8391167192429,11.9242902208202,0.295918367346939,17.1944444444444
"237",2023,"pre_trade","Phil Bickford",1.05,37.8,0,0,0.0833333333333333,5.27777777777778,1.05555555555556,0.666666666666667,0.138888888888889,0.722222222222222,0,0.0833333333333333,0.0277777777777778,11.4285714285714,6.19047619047619,15.2380952380952,0.297297297297297,21.7222222222222
"238",2023,"pre_trade","Pierce Johnson",0.809302325581395,34.8,0,0.302325581395349,0.0930232558139535,4.37209302325581,1.09302325581395,0.604651162790698,0.162790697674419,0.581395348837209,0,0.0697674418604651,0,15,6.46551724137931,18.6206896551724,0.408163265306122,17.2790697674419
"239",2023,"pre_trade","Reynaldo Lopez",0.87906976744186,37.8,0,0.0930232558139535,0.232558139534884,4.13953488372093,0.767441860465116,0.465116279069767,0.162790697674419,0.511627906976744,0,0.0465116279069767,0.0232558139534884,12.3809523809524,5.23809523809524,13.0952380952381,0.268041237113402,18.5116279069767
"240",2023,"pre_trade","Rich Hill",5.28181818181818,232.4,1,0,0,24.0909090909091,5.86363636363636,2.86363636363636,0.681818181818182,2.13636363636364,0.181818181818182,0.0454545454545455,0.0454545454545455,8.05507745266782,3.64027538726334,13.631669535284,0.316666666666667,93.1363636363636
"241",2023,"pre_trade","Ryan Weathers",3.56666666666667,42.8,0.833333333333333,0,0.0833333333333333,16.3333333333333,4.58333333333333,2.58333333333333,0.75,1.41666666666667,0.0833333333333333,0.0833333333333333,0,6.0981308411215,3.57476635514019,15.1401869158879,0.328571428571429,66.3333333333333
"242",2023,"pre_trade","Ryan Yarbrough",3.44285714285714,96.4,0.5,0,0.0714285714285714,15.1428571428571,3.71428571428571,1.71428571428571,0.357142857142857,0.642857142857143,0.428571428571429,0.0714285714285714,0,5.4149377593361,1.6804979253112,11.3900414937759,0.288343558282209,56.0714285714286
"243",2023,"pre_trade","Sam Moll",0.593333333333333,26.7,0.0222222222222222,0.0222222222222222,0.133333333333333,3.77777777777778,0.755555555555556,0.422222222222222,0.0222222222222222,0.422222222222222,0.155555555555556,0.0888888888888889,0,15.5056179775281,6.40449438202247,17.8651685393258,0.34020618556701,14.5555555555556
"244",2023,"pre_trade","Scott Barlow",0.95,36.1,0,0.342105263157895,0,4.63157894736842,1,0.605263157894737,0.0789473684210526,0.578947368421053,0.0263157894736842,0.0789473684210526,0,11.7174515235457,5.48476454293629,14.9584487534626,0.339805825242718,18.5526315789474
"245",2023,"pre_trade","Shintaro Fujinami",1.27941176470588,43.5,0.205882352941176,0,0.0882352941176471,6.79411764705882,1.52941176470588,1.38235294117647,0.176470588235294,0.88235294117647,0.147058823529412,0.117647058823529,0,10.551724137931,6.20689655172414,16.9655172413793,0.330935251798561,26.4117647058824
"246",2023,"pre_trade","Spencer Howard",1.03333333333333,9.3,0,0,0,6,1.33333333333333,1.33333333333333,0.333333333333333,1,0.333333333333333,0,0,5.80645161290323,8.70967741935484,20.3225806451613,0.272727272727273,27
"247",2023,"pre_trade","Taylor Hearn",1.575,6.3,0,0,0,8.5,2.25,2,0.25,1,0,0,0,10,5.71428571428571,18.5714285714286,0.363636363636364,34.5
"248",2023,"pre_trade","Trent Thornton",1.275,5.1,0,0,0,5.5,1.75,0.25,0,0.25,0,0,0,8.82352941176471,1.76470588235294,14.1176470588235,0.4375,20.5
"249",2023,"pre_trade","Trevor Gott",0.85,25.5,0,0,0.233333333333333,4.3,1.1,0.433333333333333,0.0666666666666667,0.266666666666667,0.0666666666666667,0,0,11.2941176470588,2.82352941176471,14.4705882352941,0.364705882352941,15.8333333333333
"250",2023,"pre_trade","Tucker Davidson",1.61666666666667,58.2,0,0.111111111111111,0,8.22222222222222,2.44444444444444,1.27777777777778,0.111111111111111,0.611111111111111,0.111111111111111,0.166666666666667,0,9.58762886597938,3.4020618556701,17.0103092783505,0.411764705882353,30.6666666666667
"251",2023,"pre_trade","Zach Muckenhirn",1.76666666666667,5.3,0,0,0,10.3333333333333,3.66666666666667,1.33333333333333,0,0.666666666666667,0.333333333333333,0,0,5.09433962264151,3.39622641509434,22.0754716981132,0.44,31.6666666666667
"252",2024,"post_trade","Andrew Chafin",0.742857142857143,46.8,0,0,0.19047619047619,4,0.80952380952381,0.428571428571429,0.142857142857143,0.714285714285714,0,0.19047619047619,0,11.5384615384615,8.65384615384615,18.4615384615385,0.304347826086957,16.6666666666667
"253",2024,"post_trade","Bryan Hoeing",1.05555555555556,19,0,0,0.111111111111111,4.77777777777778,0.777777777777778,0.222222222222222,0.111111111111111,0.277777777777778,0,0.222222222222222,0,8.52631578947368,2.36842105263158,9,0.19672131147541,16.9444444444444
"254",2024,"post_trade","Caleb Ferguson",0.91,18.2,0,0,0.05,4.7,1.1,0.45,0.05,0.45,0.1,0.05,0,12.8571428571429,4.45054945054945,15.3296703296703,0.375,17.6
"255",2024,"post_trade","Carlos Estevez",1.015,20.3,0,0.3,0,4.4,0.9,0.3,0.1,0.35,0.05,0.1,0,7.98029556650246,3.10344827586207,11.0837438423645,0.266666666666667,17.15
"256",2024,"post_trade","Cole Sulser",1.86666666666667,11.2,0.333333333333333,0,0,7.16666666666667,0.5,0,0,1,0,0,0,6.42857142857143,4.82142857142857,7.23214285714286,0.103448275862069,33
"257",2024,"post_trade","Dylan Floro",0.98,29.4,0,0,0.133333333333333,5,1.53333333333333,1.13333333333333,0.266666666666667,0.266666666666667,0.0666666666666667,0,0,4.89795918367347,2.44897959183673,16.530612244898,0.327586206896552,18.1333333333333
"258",2024,"post_trade","Enyel De Los Santos",0.985,19.7,0,0.05,0.05,5.4,1.3,0.85,0.3,0.6,0.2,0,0,8.22335025380711,5.48223350253807,17.3604060913706,0.294117647058824,20.85
"259",2024,"post_trade","Frankie Montas",5.12727272727273,112.8,1,0,0,22.1818181818182,4.27272727272727,2.63636363636364,0.909090909090909,2.27272727272727,0.0909090909090909,0,0,11.1702127659574,3.98936170212766,11.4893617021277,0.268115942028986,92.9090909090909
"260",2024,"post_trade","Gregory Soto",0.626086956521739,14.4,0,0,0.173913043478261,3.43478260869565,0.869565217391304,0.434782608695652,0.0869565217391304,0.304347826086957,0.0869565217391304,0.0434782608695652,0.0434782608695652,13.125,4.375,16.875,0.382978723404255,13.5652173913043
"261",2024,"post_trade","Jack Flaherty",5.37,107.4,1,0,0,23.4,5.2,2.2,0.9,1.9,0.1,0.2,0,10.2234636871508,3.18435754189944,11.8994413407821,0.298611111111111,96.7
"262",2024,"post_trade","Jakob Junis",2.77857142857143,38.9,0.357142857142857,0,0,10.8571428571429,2.07142857142857,0.928571428571429,0.285714285714286,0.214285714285714,0.142857142857143,0,0,7.40359897172236,0.694087403598972,7.40359897172236,0.225225225225225,41.4285714285714
"263",2024,"post_trade","Jalen Beeks",0.588461538461538,15.3,0,0.0384615384615385,0.115384615384615,3.88461538461538,1.07692307692308,0.346153846153846,0,0.346153846153846,0.0769230769230769,0.0769230769230769,0,10,5.29411764705883,21.764705882353,0.383561643835616,13.8076923076923
"264",2024,"post_trade","James Paxton",3.43333333333333,10.3,1,0,0,15.6666666666667,4.33333333333333,1.66666666666667,0.333333333333333,0.666666666666667,0,0,0,7.86407766990291,1.74757281553398,13.1067961165049,0.342857142857143,55.6666666666667
"265",2024,"post_trade","Jason Adam",0.944444444444444,25.5,0,0,0.444444444444444,3.77777777777778,0.518518518518518,0.111111111111111,0.037037037037037,0.259259259259259,0.111111111111111,0.0740740740740741,0.037037037037037,10.9411764705882,2.47058823529412,7.41176470588235,0.216666666666667,14.9259259259259
"266",2024,"post_trade","Lucas Erceg",0.965217391304348,22.2,0,0.478260869565217,0.260869565217391,4.21739130434783,0.782608695652174,0.347826086956522,0,0.130434782608696,0.0434782608695652,0.0434782608695652,0.0434782608695652,12.5675675675676,1.21621621621622,8.51351351351351,0.290322580645161,16.6086956521739
"267",2024,"post_trade","Lucas Sims",0.793333333333333,11.9,0,0,0.266666666666667,4.06666666666667,0.733333333333333,0.666666666666667,0.133333333333333,0.666666666666667,0.0666666666666667,0.0666666666666667,0,6.80672268907563,7.56302521008404,15.8823529411765,0.230769230769231,16.6666666666667
"268",2024,"post_trade","Luis Garcia",0.964285714285714,13.5,0,0,0.214285714285714,4.85714285714286,1.57142857142857,0.928571428571429,0.285714285714286,0.0714285714285714,0,0,0,8,0.666666666666667,15.3333333333333,0.352941176470588,14.4285714285714
"269",2024,"post_trade","Luke Jackson",0.95,15.2,0,0,0.0625,5.25,1.0625,0.5625,0.125,0.6875,0.0625,0.125,0,15.3947368421053,6.51315789473684,16.5789473684211,0.340909090909091,21.4375
"270",2024,"post_trade","Martin Perez",4.99,49.9,1,0,0,21.7,4.6,2,0.9,1.7,0.2,0,0,7.93587174348697,3.06613226452906,11.3627254509018,0.255172413793103,81.6
"271",2024,"post_trade","Michael Kopech",0.970833333333333,23.3,0,0.25,0.333333333333333,3.66666666666667,0.375,0.125,0.0416666666666667,0.416666666666667,0,0.0416666666666667,0,11.2017167381974,3.86266094420601,7.33905579399142,0.166666666666667,15.2916666666667
"272",2024,"post_trade","Michael Lorenzen",3.82857142857143,53.6,0.857142857142857,0,0,16.7142857142857,2.71428571428571,0.714285714285714,0.285714285714286,1.71428571428571,0.142857142857143,0,0,7.38805970149254,4.02985074626866,10.410447761194,0.2125,62.5714285714286
"273",2024,"post_trade","Mike Baumann",0.961904761904762,20.2,0,0,0.19047619047619,5,1.19047619047619,0.80952380952381,0.142857142857143,0.523809523809524,0.0952380952380952,0.0952380952380952,0,11.1386138613861,4.9009900990099,16.039603960396,0.34375,21.8095238095238
"274",2024,"post_trade","Nate Pearson",1.3,24.7,0.0526315789473684,0,0.210526315789474,5.42105263157895,1.15789473684211,0.421052631578947,0.210526315789474,0.210526315789474,0.0526315789473684,0,0,8.38056680161943,1.45748987854251,9.47368421052632,0.253521126760563,18
"275",2024,"post_trade","Nick Mears",0.715384615384615,9.3,0,0,0.461538461538462,4.07692307692308,1.07692307692308,0.769230769230769,0.384615384615385,0.230769230769231,0,0,0,17.4193548387097,2.90322580645161,16.4516129032258,0.333333333333333,15.2307692307692
"276",2024,"post_trade","Paul Blackburn",4.82,24.1,1,0,0,21.6,6.2,2.8,0.8,1.4,0.4,0,0,7.84232365145228,2.61410788381743,14.1908713692946,0.364864864864865,81.6
"277",2024,"post_trade","Phil Maton",0.796774193548387,49.4,0,0.032258064516129,0.290322580645161,3.64516129032258,0.580645161290323,0.258064516129032,0.032258064516129,0.193548387096774,0.129032258064516,0,0,10.9311740890688,2.18623481781376,8.74493927125506,0.236111111111111,15.1612903225806
"278",2024,"post_trade","Quinn Priester",5,5,1,0,0,20,4,1,0,1,1,0,0,3.6,1.8,9,0.25,89
"279",2024,"post_trade","Ryan Yarbrough",2.35454545454545,51.8,0,0,0,9.45454545454546,1.45454545454545,0.636363636363636,0.181818181818182,0.545454545454545,0.454545454545455,0,0,7.64478764478764,2.08494208494208,7.64478764478764,0.202898550724638,36.8181818181818
"280",2024,"post_trade","Ryne Stanek",0.864705882352941,14.7,0,0,0.117647058823529,4.05882352941176,0.764705882352941,0.647058823529412,0.176470588235294,0.470588235294118,0.0588235294117647,0.117647058823529,0,14.0816326530612,4.89795918367347,12.8571428571429,0.294117647058824,16.6470588235294
"281",2024,"post_trade","Seranthony Dominguez",0.804,20.1,0,0.4,0.08,3.92,0.8,0.4,0.24,0.36,0,0.12,0,12.5373134328358,4.02985074626866,12.9850746268657,0.254545454545455,16.44
"282",2024,"post_trade","Shawn Armstrong",0.868421052631579,33,0,0,0.105263157894737,4.26315789473684,1.10526315789474,0.421052631578947,0.0526315789473684,0.31578947368421,0,0,0,8.72727272727272,3.27272727272727,14.7272727272727,0.344827586206897,15.6842105263158
"283",2024,"post_trade","Spencer Howard",2.5,15,0.5,0,0,15,5.5,2.5,1.5,1.5,0,0.5,0,10.8,5.4,25.2,0.444444444444444,60.5
"284",2024,"post_trade","Tanner Banks",1.06363636363636,23.4,0.0454545454545455,0,0.0454545454545455,4.81818181818182,1,0.454545454545455,0.0454545454545455,0.454545454545455,0.0454545454545455,0,0,8.84615384615385,3.84615384615385,12.3076923076923,0.295774647887324,17.8181818181818
"285",2024,"post_trade","Tanner Scott",0.857142857142857,24,0,0.142857142857143,0.357142857142857,4,0.928571428571429,0.285714285714286,0.0357142857142857,0.321428571428571,0,0,0,11.625,3.375,13.125,0.352112676056338,15.1071428571429
"286",2024,"post_trade","Trevor Richards",1.23,12.3,0,0.1,0,5.9,0.8,0.6,0,1.1,0.2,0.7,0,9.51219512195122,8.04878048780488,13.9024390243902,0.242424242424242,25.5
"287",2024,"post_trade","Trevor Rogers",4.575,18.3,1,0,0,22.5,6.25,3.75,0.5,2.5,0.25,0,0,5.9016393442623,4.91803278688525,17.2131147540984,0.353846153846154,89.25
"288",2024,"post_trade","Yimi Garcia",0.76,7.6,0,0,0.3,3.8,0.7,0.6,0.3,0.4,0,0,0,8.28947368421053,4.73684210526316,13.0263157894737,0.166666666666667,15.9
"289",2024,"post_trade","Yusei Kikuchi",5.79,57.9,1,0,0,23.9,4.2,1.8,0.8,1.4,0,0.2,0,11.8134715025907,2.17616580310881,8.70466321243523,0.24113475177305,97.1
"290",2024,"post_trade","Zach Eflin",5.96666666666667,53.7,1,0,0,24.8888888888889,5.66666666666667,1.77777777777778,0.888888888888889,1.22222222222222,0,0.111111111111111,0,7.87709497206704,1.84357541899441,10.391061452514,0.272151898734177,92.4444444444444
"291",2024,"pre_trade","Adam Mazur",3.975,31.8,1,0,0,19.75,5,3.5,0.75,2.625,0.25,0,0,6.22641509433962,5.94339622641509,17.2641509433962,0.317757009345794,73.125
"292",2024,"pre_trade","Andrew Chafin",0.765853658536585,94.2,0,0.024390243902439,0.195121951219512,3.95121951219512,0.853658536585366,0.317073170731707,0.048780487804878,0.390243902439024,0.024390243902439,0.0731707317073171,0,14.3312101910828,4.5859872611465,14.6178343949045,0.354838709677419,15.0487804878049
"293",2024,"pre_trade","Bryan Hoeing",1.7875,28.6,0.125,0,0.125,7.75,1.8125,0.5625,0.125,0.5625,0,0.25,0,7.86713286713287,2.83216783216783,11.958041958042,0.306818181818182,29.8125
"294",2024,"pre_trade","Caleb Ferguson",0.604761904761905,25.4,0,0.0238095238095238,0.238095238095238,3.69047619047619,0.80952380952381,0.452380952380952,0.119047619047619,0.380952380952381,0.0476190476190476,0.0476190476190476,0,14.5275590551181,5.66929133858268,17.7165354330709,0.318681318681319,14.0952380952381
"295",2024,"pre_trade","Carlos Estevez",0.979411764705882,33.3,0,0.588235294117647,0,3.64705882352941,0.588235294117647,0.264705882352941,0.0882352941176471,0.147058823529412,0,0.0294117647058824,0,8.64864864864865,1.35135135135135,6.75675675675676,0.202380952380952,14.0588235294118
"296",2024,"pre_trade","Cole Sulser",1.05,4.2,0,0,0.25,5.75,1.5,1.25,0.25,0.75,0,0,0,15,6.42857142857143,19.2857142857143,0.416666666666667,23.5
"297",2024,"pre_trade","Dylan Floro",0.925490196078431,94.4,0,0,0.176470588235294,4,0.823529411764706,0.235294117647059,0.0196078431372549,0.254901960784314,0,0.0196078431372549,0,7.62711864406779,2.47881355932203,10.4872881355932,0.273333333333333,14.6666666666667
"298",2024,"pre_trade","Enyel De Los Santos",0.752272727272727,33.1,0,0.0227272727272727,0.159090909090909,3.86363636363636,0.886363636363636,0.454545454545455,0.25,0.295454545454545,0.0227272727272727,0.0454545454545455,0,13.0513595166163,3.53474320241692,14.1389728096677,0.288659793814433,16.2954545454545
"299",2024,"pre_trade","Frankie Montas",4.78947368421053,182,1,0,0,21.6315789473684,4.89473684210526,2.73684210526316,0.736842105263158,2.15789473684211,0.263157894736842,0.157894736842105,0,7.71428571428572,4.05494505494506,13.2527472527473,0.289377289377289,85.0526315789474
"300",2024,"pre_trade","Gregory Soto",0.734883720930233,31.6,0,0.0465116279069767,0.162790697674419,3.83720930232558,0.837209302325581,0.372093023255814,0.0465116279069767,0.465116279069767,0.13953488372093,0.0697674418604651,0,12.5316455696203,5.69620253164557,15.9493670886076,0.365591397849462,15.1162790697674
"301",2024,"pre_trade","Jack Flaherty",5.74444444444444,206.8,1,0,0,23.0555555555556,4.61111111111111,1.94444444444444,0.833333333333333,1.05555555555556,0.166666666666667,0.222222222222222,0,11.5764023210832,1.65377176015474,8.87814313346228,0.277551020408163,93.2777777777778
"302",2024,"pre_trade","Jake Bloss",3.73333333333333,11.2,1,0,0,18.3333333333333,5.33333333333333,3,1.66666666666667,1,0,0.666666666666667,0,8.83928571428572,2.41071428571429,15.2678571428571,0.305555555555556,79.6666666666667
"303",2024,"pre_trade","Jakob Junis",2.53,25.3,0.1,0.1,0,10.1,2,0.7,0.4,0.5,0.1,0.1,0,6.75889328063241,1.77865612648221,8.89328063241107,0.222222222222222,36.4
"304",2024,"pre_trade","Jalen Beeks",0.951111111111111,42.8,0,0.2,0.111111111111111,4.68888888888889,1.08888888888889,0.577777777777778,0.133333333333333,0.4,0.0222222222222222,0.111111111111111,0,7.99065420560747,3.78504672897196,14.088785046729,0.29054054054054,18.4
"305",2024,"pre_trade","James Paxton",4.83333333333333,87,1,0,0,21.6666666666667,4.55555555555556,2.44444444444444,0.611111111111111,2.66666666666667,0.0555555555555556,0.222222222222222,0,6.62068965517241,4.96551724137931,13.448275862069,0.266917293233083,85.6111111111111
"306",2024,"pre_trade","Jason Adam",0.95531914893617,44.9,0,0.0851063829787234,0.404255319148936,3.82978723404255,0.553191489361702,0.276595744680851,0.0851063829787234,0.340425531914894,0.0638297872340425,0,0,10.022271714922,3.20712694877506,8.41870824053452,0.205607476635514,15.0212765957447
"307",2024,"pre_trade","Josh Walker",1.07,10.7,0,0,0,5.5,1.3,0.7,0.1,0.6,0,0.2,0.1,9.25233644859813,5.04672897196262,15.981308411215,0.324324324324324,21.5
"308",2024,"pre_trade","Lucas Erceg",0.860526315789474,32.7,0,0.0789473684210526,0.31578947368421,4.10526315789474,0.81578947368421,0.394736842105263,0.0789473684210526,0.342105263157895,0.131578947368421,0.105263157894737,0,11.2844036697248,3.57798165137615,12.1100917431193,0.297872340425532,14.8684210526316
"309",2024,"pre_trade","Lucas Sims",0.686046511627907,29.5,0,0.0232558139534884,0.27906976744186,3.58139534883721,0.697674418604651,0.325581395348837,0.13953488372093,0.465116279069767,0.0232558139534884,0.0232558139534884,0,12.2033898305085,6.10169491525424,15.2542372881356,0.275862068965517,14.7674418604651
"310",2024,"pre_trade","Luis Garcia",0.83695652173913,38.5,0,0.0869565217391304,0.239130434782609,4.04347826086957,0.847826086956522,0.41304347826087,0.0869565217391304,0.304347826086957,0.0652173913043478,0.108695652173913,0,9.58441558441558,3.27272727272727,12.3896103896104,0.282258064516129,15.1304347826087
"311",2024,"pre_trade","Luke Jackson",0.875,31.5,0,0,0.0555555555555556,4.19444444444444,0.972222222222222,0.583333333333333,0.138888888888889,0.416666666666667,0.0277777777777778,0.0833333333333333,0,9.42857142857143,4.28571428571429,14.2857142857143,0.309278350515464,16.0555555555556
"312",2024,"pre_trade","Martin Perez",5.0125,80.2,1,0,0,23.3125,6.5625,3,0.8125,2,0.1875,0.125,0.0625,7.06982543640898,3.59102244389027,15.3740648379052,0.351145038167939,87
"313",2024,"pre_trade","Michael Kopech",0.923255813953488,39.7,0,0.209302325581395,0.0232558139534884,4.44186046511628,0.813953488372093,0.534883720930233,0.186046511627907,0.558139534883721,0.116279069767442,0.116279069767442,0.0465116279069767,13.375314861461,5.44080604534005,13.375314861461,0.28421052631579,18.1162790697674
"314",2024,"pre_trade","Michael Lorenzen",5.28947368421053,201,0.947368421052632,0,0,22.0526315789474,4.31578947368421,2.26315789473684,0.789473684210526,2.52631578947368,0.263157894736842,0.157894736842105,0,6.71641791044776,4.29850746268657,11.6417910447761,0.242753623188406,87.1052631578947
"315",2024,"pre_trade","Mike Baumann",0.858333333333333,30.9,0,0,0.138888888888889,4.41666666666667,0.944444444444444,0.527777777777778,0.166666666666667,0.472222222222222,0.0555555555555556,0.111111111111111,0,9.61165048543689,4.95145631067961,14.8543689320388,0.277227722772277,16.9166666666667
"316",2024,"pre_trade","Nate Pearson",0.839024390243902,34.4,0,0.048780487804878,0.170731707317073,4.4390243902439,1.09756097560976,0.609756097560976,0.195121951219512,0.414634146341463,0.048780487804878,0.048780487804878,0,13.343023255814,4.44767441860465,16.2209302325581,0.355769230769231,17.4878048780488
"317",2024,"pre_trade","Nick Mears",0.963414634146341,39.5,0,0,0.195121951219512,4.95121951219512,1.14634146341463,0.682926829268293,0.048780487804878,0.51219512195122,0,0.0731707317073171,0,12.9873417721519,4.78481012658228,15.4936708860759,0.365853658536585,20.2439024390244
"318",2024,"pre_trade","Paul Blackburn",5.58888888888889,50.3,1,0,0,23.1111111111111,5,2.77777777777778,0.888888888888889,1.55555555555556,0.111111111111111,0,0,6.79920477137177,2.50497017892644,10.5566600397614,0.251700680272109,89.3333333333333
"319",2024,"pre_trade","Phil Maton",0.825,66,0,0.05,0.225,3.8,0.725,0.45,0.15,0.45,0.125,0.025,0,8.18181818181818,4.90909090909091,12.8181818181818,0.247311827956989,15.275
"320",2024,"pre_trade","Quinn Priester",4.35,43.5,0.6,0,0,20.1,5.2,2.5,0.7,1.3,0.2,0.1,0,6.41379310344828,2.68965517241379,13.448275862069,0.304054054054054,72.2
"321",2024,"pre_trade","Ryan Yarbrough",2,132,0,0.0303030303030303,0.0303030303030303,8.90909090909091,1.63636363636364,0.848484848484849,0.272727272727273,0.787878787878788,0.212121212121212,0,0,5.86363636363636,3.54545454545455,10.9090909090909,0.215311004784689,33.6363636363636
"322",2024,"pre_trade","Ryne Stanek",0.710869565217391,32.7,0,0.152173913043478,0.326086956521739,3.73913043478261,0.760869565217391,0.41304347826087,0.108695652173913,0.369565217391304,0.0434782608695652,0.0217391304347826,0,12.1100917431193,4.67889908256881,14.3119266055046,0.288461538461538,15.0869565217391
"323",2024,"pre_trade","Seranthony Dominguez",0.855263157894737,32.5,0,0.0263157894736842,0.105263157894737,4.13157894736842,0.842105263157895,0.5,0.157894736842105,0.31578947368421,0.0526315789473684,0.131578947368421,0.0263157894736842,11.0769230769231,3.32307692307692,12.1846153846154,0.268041237113402,17.1842105263158
"324",2024,"pre_trade","Shawn Armstrong",1.16052631578947,88.2,0.184210526315789,0.0263157894736842,0.0789473684210526,5.63157894736842,1.47368421052632,0.736842105263158,0.131578947368421,0.5,0.0526315789473684,0.0263157894736842,0.0263157894736842,10.2040816326531,3.87755102040816,15.3061224489796,0.369565217391304,21.3947368421053
"325",2024,"pre_trade","Spencer Howard",3.12857142857143,65.7,0.285714285714286,0,0,16.2857142857143,4.71428571428571,2.14285714285714,0.285714285714286,1.57142857142857,0,0,0,8.63013698630137,4.52054794520548,18.0821917808219,0.3875,59.4285714285714
"326",2024,"pre_trade","Tanner Banks",1.03414634146341,42.4,0.024390243902439,0.048780487804878,0.170731707317073,5,1.14634146341463,0.536585365853659,0.121951219512195,0.365853658536585,0.048780487804878,0,0,11.6745283018868,3.18396226415094,13.1603773584906,0.328125,19.0731707317073
"327",2024,"pre_trade","Tanner Scott",0.995454545454545,43.8,0,0.409090909090909,0.0227272727272727,4.13636363636364,0.431818181818182,0.136363636363636,0.0454545454545455,0.613636363636364,0.0227272727272727,0,0,10.8904109589041,5.54794520547945,9.45205479452055,0.171717171717172,16.8409090909091
"328",2024,"pre_trade","Trevor Richards",1.03333333333333,46.5,0.0444444444444444,0,0.155555555555556,4.84444444444444,0.8,0.6,0.155555555555556,0.533333333333333,0,0.133333333333333,0,9.48387096774193,4.64516129032258,11.6129032258064,0.210144927536232,20.6
"329",2024,"pre_trade","Trevor Rogers",4.83809523809524,101.6,1,0,0,22.4761904761905,5.47619047619048,2.52380952380952,0.571428571428571,2.19047619047619,0.142857142857143,0.0476190476190476,0.0476190476190476,7.52952755905512,4.0748031496063,14.261811023622,0.315950920245399,89.8095238095238
"330",2024,"pre_trade","Tyler Matzek",0.781818181818182,8.6,0,0,0.181818181818182,4.36363636363636,1.45454545454545,1,0.272727272727273,0.272727272727273,0,0.181818181818182,0,10.4651162790698,3.13953488372093,19.8837209302326,0.40625,16.2727272727273
"331",2024,"pre_trade","Tyler Zuber",1.55,3.1,0,0,0,7.5,1.5,0.5,0.5,1,0,0,0,11.6129032258065,5.80645161290323,14.5161290322581,0.25,37.5
"332",2024,"pre_trade","Yimi Garcia",0.913793103448276,26.5,0,0.172413793103448,0.344827586206897,3.96551724137931,0.551724137931034,0.310344827586207,0.103448275862069,0.275862068965517,0.0689655172413793,0.0344827586206897,0,14.2641509433962,2.71698113207547,8.15094339622642,0.216666666666667,15.8965517241379
"333",2024,"pre_trade","Yusei Kikuchi",5.14090909090909,113.1,1,0,0,22.5909090909091,5.68181818181818,2.77272727272727,0.772727272727273,1.36363636363636,0.0909090909090909,0.0909090909090909,0,10.3448275862069,2.38726790450928,12.3342175066313,0.339622641509434,88.8636363636364
"334",2024,"pre_trade","Zach Eflin",5.6421052631579,107.2,1,0,0,24.2105263157895,6.05263157894737,2.63157894736842,0.736842105263158,0.68421052631579,0.157894736842105,0.0526315789473684,0,7.30410447761194,1.09141791044776,10.7462686567164,0.294460641399417,85
